recipe,rel,effect
子姜炒鸭片,has,补虚养身调理
子姜炒鸭片,has,滋阴调理
子姜炒鸭片,has,清热去火调理
海参一锅鲜,has,滋阴调理
海参一锅鲜,has,补虚养身调理
虾丸海参,has,滋阴调理
虾丸海参,has,补虚养身调理
家常熬黄花鱼,has,失眠调理
家常熬黄花鱼,has,神经衰弱调理
家常熬黄花鱼,has,产后恢复调理
醉花菇,has,滋阴调理
醉花菇,has,防癌抗癌调理
醉花菇,has,延缓衰老调理
红烧平菇,has,防癌抗癌调理
四川神仙鸭子,has,补虚养身调理
四川神仙鸭子,has,滋阴调理
四川神仙鸭子,has,营养不良调理
红烧刀鱼,has,营养不良调理
红烧刀鱼,has,高血压调理
红烧刀鱼,has,动脉硬化调理
麻辣豆腐,has,骨质疏松调理
麻辣豆腐,has,动脉硬化调理
蚝油熘滑鸡球,has,营养不良调理
绣球鱼,has,益智补脑调理
绣球鱼,has,营养不良调理
绣球鱼,has,通乳调理
金银绣球虾丸,has,阳痿早泄调理
金银绣球虾丸,has,补虚养身调理
冬瓜鸭盅,has,滋阴调理
冬瓜鸭盅,has,清热去火调理
冬瓜鸭盅,has,健脾开胃调理
原煨三丝鳝筒,has,补虚养身调理
原煨三丝鳝筒,has,气血双补调理
原煨三丝鳝筒,has,营养不良调理
杂瓣海参,has,补虚养身调理
杂瓣海参,has,气血双补调理
杂瓣海参,has,营养不良调理
粟子羊肉,has,冬季养生调理
粟子羊肉,has,补虚养身调理
粟子羊肉,has,延缓衰老调理
烟筒白菜,has,便秘调理
烟筒白菜,has,防癌抗癌调理
烟筒白菜,has,清热去火调理
大良炒鲜奶,has,营养不良调理
大良炒鲜奶,has,健脾开胃调理
椒麻鸡块,has,营养不良调理
椒麻鸡块,has,气血双补调理
椒麻鸡块,has,补虚养身调理
花生焖猪尾,has,壮腰健肾调理
花生焖猪尾,has,骨质疏松调理
花生焖猪尾,has,养颜美容调理
原汁武陵甲鱼,has,补虚养身调理
原汁武陵甲鱼,has,气血双补调理
原汁武陵甲鱼,has,滋阴调理
五香火肠,has,补虚养身调理
五香火肠,has,痔疮调理
清汤酿鸭掌,has,糖尿病调理
清汤酿鸭掌,has,养颜美容调理
鸡汁玉翠鱼丸,has,清热解毒调理
鸡汁玉翠鱼丸,has,便秘调理
鸡汁玉翠鱼丸,has,利尿调理
潇湘五元龟,has,补虚养身调理
潇湘五元龟,has,滋阴调理
潇湘五元龟,has,营养不良调理
红煨白鳝,has,结核病调理
红煨白鳝,has,营养不良调理
红煨白鳝,has,明目调理
虾酿竹荪卷汤,has,动脉硬化调理
虾酿竹荪卷汤,has,高血压调理
虾酿竹荪卷汤,has,补虚养身调理
凤菌一品豆腐,has,补虚养身调理
辣味豆腐盒,has,营养不良调理
清炖牛肉,has,补虚养身调理
清炖牛肉,has,气血双补调理
清炖牛肉,has,健脾开胃调理
香菇莴笋柱,has,健脾开胃调理
香菇莴笋柱,has,防癌抗癌调理
三鲜凤羹,has,高血压调理
三鲜凤羹,has,动脉硬化调理
三鲜凤羹,has,糖尿病调理
杏仁熘鸡丁,has,补虚养身调理
杏仁熘鸡丁,has,营养不良调理
杏仁鹌鹑片,has,气血双补调理
杏仁鹌鹑片,has,补虚养身调理
杏仁鹌鹑片,has,营养不良调理
锅贴牡丹鱼,has,健脾开胃调理
锅贴牡丹鱼,has,脾调养调理
锅贴牡丹鱼,has,补气调理
葱油桂鱼卷,has,营养不良调理
葱油桂鱼卷,has,补气调理
葱油桂鱼卷,has,脾调养调理
虾茸酿草菇,has,补虚养身调理
翡翠珍珠虾,has,便秘调理
翡翠珍珠虾,has,清热解毒调理
翡翠珍珠虾,has,贫血调理
韭白鱼丝,has,壮腰健肾调理
韭白鱼丝,has,补阳调理
韭白鱼丝,has,补气调理
黄耳鱼片汤,has,防癌抗癌调理
黄耳鱼片汤,has,高脂血症调理
黄耳鱼片汤,has,补虚养身调理
火腿鸡卷,has,补虚养身调理
火腿鸡卷,has,健脾开胃调理
火腿鸡卷,has,营养不良调理
油炝蚕豆,has,益智补脑调理
油炝蚕豆,has,健忘调理
油炝蚕豆,has,防癌抗癌调理
鳅鱼附豆腐汤,has,清热去火调理
鳅鱼附豆腐汤,has,夏季养生调理
鳅鱼附豆腐汤,has,补虚养身调理
鳅鱼附豆腐汤,has,补阳调理
三层楼,has,高血压调理
三层楼,has,高脂血症调理
三层楼,has,动脉硬化调理
冬菇烧猪脑髓,has,益智补脑调理
冬菇烧猪脑髓,has,健忘调理
韭花肚尖丝,has,明目调理
韭花肚尖丝,has,便秘调理
汤泡仔鸡,has,营养不良调理
汤泡仔鸡,has,健脾开胃调理
汤泡仔鸡,has,补虚养身调理
枸杞青豆鸡米,has,健脾开胃调理
枸杞青豆鸡米,has,贫血调理
枸杞青豆鸡米,has,明目调理
枸杞青豆鸡米,has,月经不调调理
白汁玻璃鱼片,has,营养不良调理
白汁玻璃鱼片,has,补虚养身调理
清蒸鲫鱼,has,营养不良调理
菊花冬笋桂鱼羹,has,营养不良调理
菊花冬笋桂鱼羹,has,补气调理
菊花冬笋桂鱼羹,has,脾调养调理
锅贴鸽蛋,has,营养不良调理
锅贴鸽蛋,has,补虚养身调理
锅贴鸽蛋,has,气血双补调理
明月鸽蛋汤,has,补阳调理
明月鸽蛋汤,has,营养不良调理
什锦烩蛋丁,has,营养不良调理
什锦烩蛋丁,has,补虚养身调理
虾蛋烧海参,has,补阳调理
虾蛋烧海参,has,滋阴调理
湘江四色喜,has,养颜美容调理
湘江四色喜,has,防癌抗癌调理
湘江四色喜,has,营养不良调理
包公鱼,has,健脾开胃调理
包公鱼,has,补虚养身调理
包公鱼,has,产后恢复调理
玉兔海参,has,补虚养身调理
玉兔海参,has,延缓衰老调理
油鸡,has,补虚养身调理
油鸡,has,健脾开胃调理
烹子鱼,has,健脾开胃调理
烹子鱼,has,营养不良调理
清炒塘鱼片,has,通乳调理
清炒塘鱼片,has,清热去火调理
清炒塘鱼片,has,益智补脑调理
虾仁珊瑚,has,清热去火调理
虾仁珊瑚,has,营养不良调理
虾仁珊瑚,has,高血压调理
酱油嫩鸡,has,补虚养身调理
酱油嫩鸡,has,健脾开胃调理
酱油嫩鸡,has,营养不良调理
卤汁面筋,has,健脾开胃调理
卤汁面筋,has,动脉硬化调理
酥鲫鱼,has,通乳调理
酥鲫鱼,has,利尿调理
奶汤鲜核桃仁,has,益智补脑调理
奶汤鲜核桃仁,has,便秘调理
肺汤,has,消化不良
肺汤,has,产后恢复调理
肺汤,has,滋阴调理
黄焖野兔,has,补虚养身调理
黄焖野兔,has,营养不良调理
清汤鸡蒙冬菇,has,健脾开胃调理
清汤鸡蒙冬菇,has,防癌抗癌调理
清汤鸡蒙冬菇,has,动脉硬化调理
芙蓉豆腐汤,has,动脉硬化调理
芙蓉豆腐汤,has,骨质疏松调理
珊瑚鱼条,has,营养不良调理
珊瑚鱼条,has,小儿厌食调理
连锅子,has,便秘调理
连锅子,has,滋阴调理
连锅子,has,贫血调理
猴头蘑菇菜心,has,防癌抗癌调理
猴头蘑菇菜心,has,高脂血症调理
春丝吐香,has,清热解毒调理
春丝吐香,has,健脾开胃调理
春丝吐香,has,减肥瘦身调理
素油菜心,has,高脂血症调理
熊掌豆腐,has,骨质疏松调理
熘鸡卷,has,滋阴调理
熘鸡卷,has,贫血调理
青椒玉米,has,高脂血症调理
青椒玉米,has,高血压调理
青椒玉米,has,便秘调理
三珍烩鲍脯,has,高血压调理
三珍烩鲍脯,has,益智补脑调理
三珍烩鲍脯,has,动脉硬化调理
芙蓉海四宝,has,补虚养身调理
芙蓉海四宝,has,气血双补调理
芙蓉海四宝,has,营养不良调理
三鲜鹌鹑蛋,has,补虚养身调理
三鲜鹌鹑蛋,has,壮腰健肾调理
三鲜鹌鹑蛋,has,营养不良调理
“寿”字鸭羹,has,补虚养身调理
“寿”字鸭羹,has,滋阴调理
“寿”字鸭羹,has,营养不良调理
“寿”字鸭羹,has,防癌抗癌调理
什锦粉丝,has,营养不良调理
什锦粉丝,has,健脾开胃调理
崂山十珍会,has,延缓衰老调理
崂山十珍会,has,益智补脑调理
龙舟鳜鱼,has,补气调理
龙舟鳜鱼,has,结核病调理
龙舟鳜鱼,has,补虚养身调理
酿鸳鸯海参,has,补虚养身调理
酿鸳鸯海参,has,滋阴调理
烧卖海参,has,补虚养身调理
烧卖海参,has,滋阴调理
五香糖熏兔肉,has,营养不良调理
五香糖熏兔肉,has,健脾开胃调理
五香糖熏兔肉,has,减肥瘦身调理
炖虾蓉豆腐丸子,has,补虚养身调理
炖虾蓉豆腐丸子,has,营养不良调理
西红柿双参地牛尾,has,壮腰健肾调理
西红柿双参地牛尾,has,补虚养身调理
西红柿双参地牛尾,has,营养不良调理
黄焖带皮虾,has,壮腰健肾调理
黄焖带皮虾,has,补阳调理
黄焖带皮虾,has,阳痿早泄调理
大蒜家常豆腐鱼,has,骨质疏松调理
大蒜家常豆腐鱼,has,产后恢复调理
银蹄海参,has,滋阴调理
银蹄海参,has,补虚养身调理
凤片海参,has,滋阴调理
凤片海参,has,补虚养身调理
麻酱海参,has,滋阴调理
麻酱海参,has,补虚养身调理
椒香海参,has,滋阴调理
椒香海参,has,补虚养身调理
椒香海参,has,健脾开胃调理
雪花海参,has,滋阴调理
雪花海参,has,补虚养身调理
六味海参,has,滋阴调理
六味海参,has,心调养调理
六味海参,has,补虚养身调理
扒白菜卷,has,贫血调理
扒白菜卷,has,糖尿病调理
扒白菜卷,has,便秘调理
炒鹌鹑,has,补虚养身调理
鸡汤小豆腐,has,高血压调理
葱酥鲫鱼,has,健脾开胃调理
葱酥鲫鱼,has,产后恢复调理
葱酥鲫鱼,has,通乳调理
双冬氽肉丸子,has,贫血调理
双冬氽肉丸子,has,滋阴调理
双冬氽肉丸子,has,消化不良
虾皮豆腐炒蛋,has,骨质疏松调理
通心河鳗,has,结核病调理
通心河鳗,has,明目调理
通心河鳗,has,补虚养身调理
坛烧肥鸡,has,健脾开胃调理
坛烧肥鸡,has,补虚养身调理
煨白汁鸡,has,健脾开胃调理
煨白汁鸡,has,补虚养身调理
煨白汁鸡,has,营养不良调理
福建七星鱼丸汤,has,结核病调理
福建七星鱼丸汤,has,补虚养身调理
福建七星鱼丸汤,has,明目调理
温州肉松,has,滋阴调理
温州肉松,has,贫血调理
什锦豆腐煲,has,骨质疏松调理
什锦豆腐煲,has,动脉硬化调理
包心鱼丸,has,补虚养身调理
包心鱼丸,has,气血双补调理
包心鱼丸,has,滋阴调理
熏烤河鳗,has,营养不良调理
熏烤河鳗,has,补虚养身调理
空煎明虾,has,通乳调理
红糟鸡丁,has,健脾开胃调理
红糟鸡丁,has,防癌抗癌调理
红糟鸡丁,has,营养不良调理
柴把笋,has,防癌抗癌调理
柴把笋,has,延缓衰老调理
柴把笋,has,便秘调理
栗子烧白菜,has,脾调养调理
栗子烧白菜,has,延缓衰老调理
栗子烧白菜,has,便秘调理
瓤青头菌,has,明目调理
瓤青头菌,has,清热去火调理
素酸辣汤,has,骨质疏松调理
荷花熘鸡片,has,营养不良调理
荷花熘鸡片,has,月经不调调理
荷花熘鸡片,has,贫血调理
生炒鸡丝掐菜,has,营养不良调理
生炒鸡丝掐菜,has,清热去火调理
生炒鸡丝掐菜,has,滋阴调理
八宝桂鱼盒,has,营养不良调理
八宝桂鱼盒,has,补气调理
娘娘爱,has,营养不良调理
娘娘爱,has,补虚养身调理
芙蓉鸡,has,营养不良调理
芙蓉鸡,has,健脾开胃调理
芙蓉鸡,has,产后恢复调理
福寿全鸡,has,消化不良
福寿全鸡,has,营养不良调理
福寿全鸡,has,气血双补调理
鸡丝伊府面,has,快餐/主食
鸡丝伊府面,has,贫血调理
鸡丝伊府面,has,健脾开胃调理
桂花核桃仁,has,益智补脑调理
桂花核桃仁,has,健忘调理
桂花核桃仁,has,延缓衰老调理
香麻蒿菜,has,高血压调理
香麻蒿菜,has,高脂血症调理
西湖莼菜汤(二),has,肝调养调理
西湖莼菜汤(二),has,清热解毒调理
红枣烧摆摆,has,养颜美容调理
红枣烧摆摆,has,骨质疏松调理
炝腐竹鲜蘑,has,健脾开胃调理
炝腐竹鲜蘑,has,便秘调理
炝腐竹鲜蘑,has,高脂血症调理
炝腐竹鲜蘑,has,高血压调理
三鲜豆腐,has,补虚养身调理
三鲜豆腐,has,气血双补调理
三鲜豆腐,has,动脉硬化调理
镜泊鲤丝,has,营养不良调理
镜泊鲤丝,has,补虚养身调理
镜泊鲤丝,has,健脾开胃调理
糖醋瓦块鱼,has,营养不良调理
糖醋瓦块鱼,has,益智补脑调理
鲶鱼豆腐酒锅,has,通乳调理
鲶鱼豆腐酒锅,has,产后恢复调理
焖香鸡,has,补虚养身调理
焖香鸡,has,气血双补调理
焖香鸡,has,健脾开胃调理
东北家常熬鱼,has,补虚养身调理
东北家常熬鱼,has,肝调养调理
东北家常熬鱼,has,营养不良调理
冰城山珍砂锅,has,冬季养生调理
冰城山珍砂锅,has,防癌抗癌调理
什锦粟米羹,has,健脾开胃调理
什锦粟米羹,has,消化不良
什锦粟米羹,has,营养不良调理
豆腐圆子,has,冬季养生调理
豆腐圆子,has,补虚养身调理
炖全鸡,has,补虚养身调理
莲蓬豆腐,has,补虚养身调理
莲蓬豆腐,has,骨质疏松调理
鸳鸯蟹,has,补虚养身调理
鸳鸯蟹,has,营养不良调理
豆酥糖,has,更年期综合症调理
白露蛏子,has,防癌抗癌调理
白露蛏子,has,营养不良调理
双冬炖老豆腐,has,骨质疏松调理
双冬炖老豆腐,has,小儿佝偻病调理
火腿炖鞭笋,has,防癌抗癌调理
火腿炖鞭笋,has,便秘调理
罗汉菜,has,减肥瘦身调理
罗汉菜,has,动脉硬化调理
罗汉菜,has,心调养调理
干贝金钩清汤什菜,has,营养不良调理
干贝金钩清汤什菜,has,健脾开胃调理
芋艿排骨煲,has,贫血调理
芋艿排骨煲,has,滋阴调理
粉蒸素鸡,has,动脉硬化调理
粉蒸素鸡,has,心调养调理
山楂软糖,has,消化不良
山楂软糖,has,健脾开胃调理
山楂软糖,has,动脉硬化调理
桂花赤豆汤,has,高血压调理
桂花赤豆汤,has,高脂血症调理
桂花赤豆汤,has,动脉硬化调理
上海蒸鱼,has,益智补脑调理
上海蒸鱼,has,营养不良调理
白烧素鸡,has,动脉硬化调理
白烧素鸡,has,骨质疏松调理
白烧素鸡,has,高脂血症调理
芦笋烩鲜蘑,has,高血压调理
芦笋烩鲜蘑,has,冠心病调理
芦笋烩鲜蘑,has,糖尿病调理
干贝咸蛋黄豆腐,has,动脉硬化调理
干贝咸蛋黄豆腐,has,高脂血症调理
文丝豆腐,has,更年期综合症调理
文丝豆腐,has,动脉硬化调理
珍珠花菜,has,营养不良调理
珍珠花菜,has,便秘调理
珍珠花菜,has,防癌抗癌调理
香蕉奶冻,has,高血压调理
香蕉奶冻,has,营养不良调理
盐水腐竹,has,骨质疏松调理
盐水腐竹,has,防癌抗癌调理
盐水腐竹,has,小儿佝偻病调理
生煸豆荚,has,防癌抗癌调理
生煸豆荚,has,便秘调理
生煸豆苗,has,高血压调理
生煸豆苗,has,高脂血症调理
清炖石鸡,has,夏季养生调理
清炖石鸡,has,贫血调理
清炖石鸡,has,骨质疏松调理
骰子脑髓,has,益智补脑调理
骰子脑髓,has,健忘调理
炒兔丝,has,冠心病调理
炒兔丝,has,高血压调理
炒兔丝,has,肝调养调理
樱桃肉冻,has,滋阴调理
樱桃肉冻,has,贫血调理
樱桃肉冻,has,健脾开胃调理
活豆腐,has,养颜美容调理
活豆腐,has,营养不良调理
活豆腐,has,健脾开胃调理
粉蒸鸭子,has,健脾开胃调理
粉蒸鸭子,has,营养不良调理
黄芪羊肉汤,has,壮腰健肾调理
黄芪羊肉汤,has,补阳调理
黄芪羊肉汤,has,肢寒畏冷调理
黄芪羊肉汤,has,冬季养生调理
木耳疙背,has,健脾开胃调理
木耳疙背,has,营养不良调理
木耳疙背,has,防癌抗癌调理
风霜雪叶,has,防癌抗癌调理
风霜雪叶,has,动脉硬化调理
福荣肉,has,营养不良调理
福荣肉,has,健脾开胃调理
红焖鸡,has,健脾开胃调理
红焖鸡,has,营养不良调理
神仙鸡,has,营养不良调理
神仙鸡,has,健脾开胃调理
神仙鸡,has,补虚养身调理
栗子黄焖鸡,has,气血双补调理
栗子黄焖鸡,has,补虚养身调理
栗子黄焖鸡,has,贫血调理
捶鸡片,has,营养不良调理
芙蓉羊肚菌,has,延缓衰老调理
芙蓉羊肚菌,has,营养不良调理
黄花素鱼翅,has,健忘调理
黄花素鱼翅,has,防癌抗癌调理
柴把鸭子,has,气血双补调理
柴把鸭子,has,补虚养身调理
柴把鸭子,has,滋阴调理
红烧西施乳,has,消化不良
红烧西施乳,has,高脂血症调理
红烧西施乳,has,动脉硬化调理
鸡水奶汤干丝,has,骨质疏松调理
鸡水奶汤干丝,has,补虚养身调理
鸡水奶汤干丝,has,小儿佝偻病调理
焖兔肉,has,益智补脑调理
焖兔肉,has,营养不良调理
焖兔肉,has,健脾开胃调理
贵妃鸡,has,气血双补调理
贵妃鸡,has,补虚养身调理
贵妃鸡,has,产后恢复调理
罗汉菜心,has,营养不良调理
罗汉菜心,has,贫血调理
鸡茸鱼肚,has,壮腰健肾调理
鸡茸鱼肚,has,止血调理
卷茸白菜,has,贫血调理
卷茸白菜,has,便秘调理
卷茸白菜,has,滋阴调理
炸烹铁雀,has,肢寒畏冷调理
炸烹铁雀,has,冬季养生调理
炸烹铁雀,has,贫血调理
软硬铁雀,has,肢寒畏冷调理
软硬铁雀,has,冬季养生调理
软硬铁雀,has,贫血调理
五香麻雀,has,骨质疏松调理
五香麻雀,has,贫血调理
五香麻雀,has,补血调理
胡萝卜浆汤,has,便秘调理
胡萝卜浆汤,has,健脾开胃调理
京式八宝豆腐,has,骨质疏松调理
京式八宝豆腐,has,延缓衰老调理
京式八宝豆腐,has,营养不良调理
荷花鱼丝,has,营养不良调理
荷花鱼丝,has,脾调养调理
荷花鱼丝,has,补气调理
龙舟活鱼,has,补虚养身调理
龙舟活鱼,has,气血双补调理
龙舟活鱼,has,脾调养调理
漂浮鱼片汤,has,营养不良调理
漂浮鱼片汤,has,补气调理
漂浮鱼片汤,has,脾调养调理
水晶明虾,has,养颜美容调理
水晶明虾,has,气血双补调理
菊花熘鸡脯,has,营养不良调理
菊花熘鸡脯,has,月经不调调理
菊花熘鸡脯,has,贫血调理
鲜莲鸡丁,has,营养不良调理
鲜莲鸡丁,has,贫血调理
鲜莲鸡丁,has,月经不调调理
滑炒鸡片,has,营养不良调理
滑炒鸡片,has,贫血调理
滑炒鸡片,has,月经不调调理
烩生鸡丝,has,贫血调理
烩生鸡丝,has,月经不调调理
烩生鸡丝,has,营养不良调理
口蘑焖豆腐,has,防癌抗癌调理
口蘑焖豆腐,has,动脉硬化调理
番茄炒菜花,has,健脾开胃调理
番茄炒菜花,has,防癌抗癌调理
番茄炒菜花,has,减肥瘦身调理
肉烧白菜,has,贫血调理
肉烧白菜,has,滋阴调理
肉烧白菜,has,便秘调理
水豆腐花汤,has,高脂血症调理
水豆腐花汤,has,防癌抗癌调理
开洋冬瓜汤,has,利尿调理
开洋冬瓜汤,has,糖尿病调理
开洋冬瓜汤,has,骨质疏松调理
高丽凤尾虾,has,营养不良调理
白菜炒肉丝,has,清热解毒调理
白菜炒肉丝,has,消化不良
白菜炒肉丝,has,健脾开胃调理
五彩豆芽,has,营养不良调理
雪里蕻豆瓣汤,has,益智补脑调理
雪里蕻豆瓣汤,has,健脾开胃调理
雪里蕻豆瓣汤,has,补气调理
锅塌鲤鱼,has,健脾开胃调理
锅塌鲤鱼,has,通乳调理
锅塌鲤鱼,has,营养不良调理
芹酥鲫鱼,has,术后调理
芹酥鲫鱼,has,营养不良调理
炒鱼丝,has,健脾开胃调理
炒鱼丝,has,消化不良
番茄煨鱼,has,健脾开胃调理
番茄煨鱼,has,营养不良调理
八卦豆腐,has,补虚养身调理
八卦豆腐,has,营养不良调理
鱼兜子,has,营养不良调理
鱼兜子,has,补虚养身调理
鱼兜子,has,健脾开胃调理
清蒸丸子,has,消化不良
清蒸丸子,has,贫血调理
核桃酪,has,健忘调理
核桃酪,has,益智补脑调理
淡菜嵌肉,has,动脉硬化调理
淡菜嵌肉,has,高血压调理
淡菜嵌肉,has,高脂血症调理
清蒸钓带,has,补虚养身调理
清蒸钓带,has,营养不良调理
莲香脱骨鸡,has,补虚养身调理
莲香脱骨鸡,has,气血双补调理
莲香脱骨鸡,has,健脾开胃调理
糟熘鱼白,has,脾调养调理
糟熘鱼白,has,补气调理
银芽鸡丝,has,营养不良调理
银芽鸡丝,has,养颜美容调理
银芽鸡丝,has,减肥瘦身调理
蛋奶虾球,has,补虚养身调理
蛋奶虾球,has,骨质疏松调理
蛋奶虾球,has,壮腰健肾调理
鲜肉小笼,has,健脾开胃调理
鲜肉小笼,has,养颜美容调理
冬菇面筋,has,健脾开胃调理
雪花鱼丝羹,has,健脾开胃调理
雪花鱼丝羹,has,贫血调理
雪花鱼丝羹,has,补虚养身调理
雪花鱼丝羹,has,产后恢复调理
腐皮黄鱼包,has,延缓衰老调理
腐皮黄鱼包,has,防癌抗癌调理
腐皮黄鱼包,has,健脾开胃调理
白油鸡枞,has,健脾开胃调理
白油鸡枞,has,术后调理
番茄鸡蛋汤,has,养颜美容调理
木耳炒西芹,has,高血压调理
木耳炒西芹,has,高脂血症调理
木耳炒西芹,has,冠心病调理
木耳炒西芹,has,防癌抗癌调理
海米芹菜,has,高血压调理
海米芹菜,has,高脂血症调理
海米芹菜,has,冠心病调理
蛤肉木耳煮豆腐,has,动脉硬化调理
蛤肉木耳煮豆腐,has,骨质疏松调理
鸡蛋蒸肉丸,has,贫血调理
鸡蛋蒸肉丸,has,滋阴调理
鸡蛋蒸肉丸,has,消化不良
鹑蛋炖乌鸡,has,气血双补调理
鹑蛋炖乌鸡,has,滋阴调理
鹑蛋炖乌鸡,has,产后恢复调理
鹑蛋炖乌鸡,has,益智补脑调理
雪花豆腐羹,has,骨质疏松调理
干豇豆烧肉,has,健脾开胃调理
干豇豆烧肉,has,利尿调理
肉片炒豆腐,has,营养不良调理
肉片炒豆腐,has,健脾开胃调理
豆芽排骨汤,has,补虚养身调理
豆芽排骨汤,has,营养不良调理
豆芽排骨汤,has,气血双补调理
鲜辣脆元葱,has,健脾开胃调理
合炒木须肉,has,营养不良调理
合炒木须肉,has,滋阴调理
芹菜炒豆腐干,has,营养不良调理
滑熘豆腐,has,骨质疏松调理
滑熘豆腐,has,营养不良调理
滑熘豆腐,has,便秘调理
金腿千千结,has,骨质疏松调理
菜胆扒鱼圆,has,消化不良
菜胆扒鱼圆,has,营养不良调理
菜胆扒鱼圆,has,冠心病调理
熬白菜豆腐汤,has,营养不良调理
熬白菜豆腐汤,has,高脂血症调理
熬白菜豆腐汤,has,高血压调理
海米扒油菜,has,营养不良调理
海米扒油菜,has,补阳调理
海米扒油菜,has,阳痿早泄调理
油菜金针菇,has,营养不良调理
油菜金针菇,has,便秘调理
油菜金针菇,has,高脂血症调理
油菜腐丝,has,营养不良调理
油菜腐丝,has,高脂血症调理
油菜腐丝,has,高血压调理
韭黄炒鸡柳,has,壮腰健肾调理
韭黄炒鸡柳,has,补阳调理
韭黄炒鸡柳,has,便秘调理
土豆炒肉丝,has,便秘调理
土豆炒肉丝,has,健脾开胃调理
青椒豆腐丝,has,骨质疏松调理
青椒豆腐丝,has,健脾开胃调理
青椒豆腐丝,has,贫血调理
凉拌佛手瓜,has,高血压调理
凉拌佛手瓜,has,理气调理
香味牛肝菌,has,营养不良调理
香味牛肝菌,has,贫血调理
海带黄豆汤,has,甲状腺疾病调理
海带黄豆汤,has,高血压调理
海带黄豆汤,has,高脂血症调理
麻辣青笋鸡,has,补虚养身调理
麻辣青笋鸡,has,月经不调调理
麻辣青笋鸡,has,便秘调理
蜜汁牛肉,has,补虚养身调理
蜜汁牛肉,has,气血双补调理
葱姜烧仔鸡,has,月经不调调理
葱姜烧仔鸡,has,肢寒畏冷调理
西洋菜煲生鱼,has,营养不良调理
西洋菜煲生鱼,has,补虚养身调理
西洋菜煲生鱼,has,健脾开胃调理
香菇拌豆腐丝,has,健脾开胃调理
沙锅酸辣浓汤,has,营养不良调理
沙锅酸辣浓汤,has,健脾开胃调理
沙锅酸辣浓汤,has,防癌抗癌调理
松仁玉米,has,补虚养身调理
松仁玉米,has,营养不良调理
松仁玉米,has,健脾开胃调理
松仁玉米,has,便秘调理
海米拌油菜,has,高脂血症调理
海米拌油菜,has,清热解毒调理
海米拌油菜,has,便秘调理
海米拌油菜,has,骨质疏松调理
海参捞面,has,快餐/主食
砂锅鱼头豆腐,has,益智补脑调理
三鲜豆苗,has,减肥瘦身调理
砂锅鱼头,has,营养不良调理
白菜豆腐煲,has,皮肤病调理
虾仁烘蛋,has,营养不良调理
炖兔肉,has,益智补脑调理
炖兔肉,has,养颜美容调理
炖兔肉,has,补虚养身调理
红烧笋豆,has,减肥瘦身调理
红烧笋豆,has,高血压调理
红烧笋豆,has,高脂血症调理
红烧笋豆,has,冠心病调理
红烧笋豆,has,健脾开胃调理
红烧笋豆,has,便秘调理
蛋黄豆腐,has,骨质疏松调理
咖喱笋肉炒干丝,has,骨质疏松调理
咖喱笋肉炒干丝,has,更年期综合症调理
咖喱笋肉炒干丝,has,防癌抗癌调理
鲜豆腐皮炒虾仁,has,骨质疏松调理
鲜豆腐皮炒虾仁,has,滋阴调理
鲜豆腐皮炒虾仁,has,动脉硬化调理
珍珠豆腐,has,补虚养身调理
珍珠豆腐,has,骨质疏松调理
肉末炖豆腐,has,贫血调理
肉末炖豆腐,has,骨质疏松调理
蒸酿香菇豆腐,has,高血压调理
蒸酿香菇豆腐,has,延缓衰老调理
百花蒸豆腐,has,骨质疏松调理
百花蒸豆腐,has,更年期综合症调理
皇饭儿夹豆腐煲,has,养颜美容调理
浇汁豆腐饺,has,动脉硬化调理
浇汁豆腐饺,has,骨质疏松调理
豆苗鸡丝,has,办公室午餐
豆苗鸡丝,has,健脾开胃调理
鸡丝豌豆,has,贫血调理
鸡丝豌豆,has,健脾开胃调理
火腿肉炒豌豆,has,健脾开胃调理
鸡油笋豆,has,便秘调理
白玉红油豆腐,has,营养不良调理
白玉红油豆腐,has,防癌抗癌调理
白玉红油豆腐,has,高血压调理
白玉红油豆腐,has,高脂血症调理
豆泡烧油菜,has,便秘调理
烧罗汉豆泡,has,营养不良调理
烧罗汉豆泡,has,便秘调理
糖醋豆泡豌豆,has,健脾开胃调理
滑熘豆腐,has,骨质疏松调理
滑熘豆腐,has,养颜美容调理
滑熘豆腐,has,便秘调理
三鲜豇豆,has,减肥瘦身调理
拌虾皮豆腐,has,清热解毒调理
拌虾皮豆腐,has,养颜美容调理
韭菜豆腐干,has,营养不良调理
韭菜豆腐干,has,补虚养身调理
韭菜豆腐干,has,气血双补调理
拌豆干荠菜松,has,利尿调理
拌豆干荠菜松,has,水肿调理
豌豆菜花,has,健脾开胃调理
豌豆菜花,has,防癌抗癌调理
豌豆菜花,has,便秘调理
五香酱油豆,has,动脉硬化调理
五香酱油豆,has,更年期综合症调理
五香酱油豆,has,糖尿病调理
蔬菜豆腐泥,has,养颜美容调理
蔬菜豆腐泥,has,骨质疏松调理
家常豆腐羹,has,健脾开胃调理
三丝蛋卷,has,便秘调理
三丝蛋卷,has,清热解毒调理
鸡圈蛋花汤,has,贫血调理
鸡圈蛋花汤,has,气血双补调理
鸡圈蛋花汤,has,月经不调调理
莴苣叶煎蛋汤,has,健脾开胃调理
莴苣叶煎蛋汤,has,营养不良调理
莴苣叶煎蛋汤,has,高血压调理
奶汤素鱼丸,has,滋阴调理
奶汤素鱼丸,has,动脉硬化调理
奶汤素鱼丸,has,骨质疏松调理
家常炖黄花鱼,has,失眠调理
家常炖黄花鱼,has,神经衰弱调理
家常炖黄花鱼,has,补虚养身调理
三菇炖鱼头,has,健脾开胃调理
三菇炖鱼头,has,补虚养身调理
豆干炖鸽蛋,has,骨质疏松调理
奶汤炖豆腐,has,动脉硬化调理
菜包蒸肉,has,贫血调理
菜包蒸肉,has,滋阴调理
菜包蒸肉,has,便秘调理
双耳蒸肉丸,has,消化不良
双耳蒸肉丸,has,贫血调理
双耳蒸肉丸,has,健脾开胃调理
葱姜蒸河鳗,has,营养不良调理
葱姜蒸河鳗,has,补虚养身调理
葱姜蒸河鳗,has,健脾开胃调理
豆腐蒸蛋,has,养颜美容调理
蒸肉豆腐,has,养颜美容调理
山楂煮鸡翅,has,养颜美容调理
山楂煮鸡翅,has,明目调理
山楂煮鸡翅,has,骨质疏松调理
雪菜鲫鱼汤,has,补虚养身调理
雪菜鲫鱼汤,has,健脾开胃调理
雪菜鲫鱼汤,has,水肿调理
黑豆芝麻泥鳅汤,has,延缓衰老调理
黑豆芝麻泥鳅汤,has,肝炎调理
黑豆芝麻泥鳅汤,has,补气调理
醋烹鲫鱼,has,肾炎调理
醋烹鲫鱼,has,水肿调理
白菜软炒虾,has,清热解毒调理
白菜软炒虾,has,便秘调理
白菜软炒虾,has,延缓衰老调理
芹菜拌豆干,has,高血压调理
芹菜拌豆干,has,高脂血症调理
芹菜拌豆干,has,冠心病调理
双菇拌鸡肉,has,健脾开胃调理
双菇拌鸡肉,has,营养不良调理
草菇菜心,has,糖尿病调理
草菇菜心,has,高脂血症调理
草菇菜心,has,冠心病调理
草菇菜心,has,防癌抗癌调理
香菇小油菜,has,高血压调理
香菇小油菜,has,高脂血症调理
香菇小油菜,has,冠心病调理
香菇小油菜,has,脂肪肝调理
酱肉西兰花,has,补虚养身调理
酱肉西兰花,has,壮腰健肾调理
芦笋炒肉片,has,防癌抗癌调理
芦笋炒肉片,has,高血压调理
芦笋炒肉片,has,高脂血症调理
芦笋炒肉片,has,冠心病调理
冬笋里脊丝,has,高血压调理
冬笋里脊丝,has,高脂血症调理
冬笋里脊丝,has,冠心病调理
冬笋鸡片,has,高血压调理
冬笋鸡片,has,高脂血症调理
花生酱鸡丝,has,补虚养身调理
花生酱鸡丝,has,气血双补调理
花生酱鸡丝,has,营养不良调理
清炖鱼,has,补虚养身调理
清炖鱼,has,利尿调理
清炖鱼,has,产后恢复调理
清炖鱼,has,延缓衰老调理
香菇鸡块,has,补虚养身调理
翡翠虾仁,has,阳痿早泄调理
翡翠虾仁,has,补阳调理
翡翠虾仁,has,健脾开胃调理
烧白丸,has,消化不良
烧白丸,has,骨质疏松调理
烧白丸,has,高脂血症调理
烫红白丝,has,骨质疏松调理
烫红白丝,has,养颜美容调理
烫红白丝,has,减肥瘦身调理
芹菜炒肉丝,has,贫血调理
芹菜炒肉丝,has,营养不良调理
肉片炒莴笋,has,通乳调理
元旦烘虾,has,营养不良调理
元旦烘虾,has,补虚养身调理
甘肃回族烧牛蹄筋,has,补虚养身调理
甘肃回族烧牛蹄筋,has,健脾开胃调理
竹筒烤鱼,has,营养不良调理
芋头扣肉,has,防癌抗癌调理
芋头扣肉,has,延缓衰老调理
酿小瓜,has,补虚养身调理
酿小瓜,has,营养不良调理
菠萝鸡片,has,健脾开胃调理
菠萝鸡片,has,滋阴调理
菠萝鸡片,has,月经不调调理
金钩挂玉牌,has,健脾开胃调理
金钩挂玉牌,has,减肥瘦身调理
凉拌北风菌,has,防癌抗癌调理
凉拌北风菌,has,健脾开胃调理
凉拌北风菌,has,补虚养身调理
蛋丝韭菜,has,便秘调理
蛋丝韭菜,has,健脾开胃调理
长寿汤,has,明目调理
长寿汤,has,便秘调理
长寿汤,has,糖尿病调理
川椒煮黄鳝,has,补血调理
川椒煮黄鳝,has,补虚养身调理
川椒煮黄鳝,has,营养不良调理
荷叶包兔,has,营养不良调理
荷叶包兔,has,补虚养身调理
海米焖蛋,has,营养不良调理
赤豆炖鹌鹑,has,补虚养身调理
赤豆炖鹌鹑,has,贫血调理
银鱼炒蛋,has,肺调养调理
银鱼炒蛋,has,补虚养身调理
鸡柳串烧,has,补虚养身调理
鸡柳串烧,has,健脾开胃调理
玉兰茄子,has,健脾开胃调理
菠菜鳜鱼汤,has,营养不良调理
菠菜鳜鱼汤,has,补虚养身调理
鸡翅炖鳝鱼,has,补虚养身调理
鸡翅炖鳝鱼,has,营养不良调理
鸡翅炖鳝鱼,has,气血双补调理
如意白菜卷,has,贫血调理
如意白菜卷,has,滋阴调理
如意白菜卷,has,便秘调理
鲜蘑炖豆腐,has,动脉硬化调理
虾皮瓜丝,has,减肥瘦身调理
虾皮瓜丝,has,清热去火调理
虾皮瓜丝,has,骨质疏松调理
葱油鸡丝,has,补虚养身调理
葱油鸡丝,has,气血双补调理
葱油鸡丝,has,健脾开胃调理
开阳万年,has,高血压调理
开阳万年,has,高脂血症调理
开阳万年,has,糖尿病调理
蛋花鸡汤,has,健脾开胃调理
鸡肉蛋花汤,has,补虚养身调理
鸡肉蛋花汤,has,防癌抗癌调理
鸡肉蛋花汤,has,甲状腺疾病调理
牛肉菠菜汤,has,消化性溃疡调理
牛肉菠菜汤,has,贫血调理
牛肉菠菜汤,has,产后恢复调理
四色豆腐,has,骨质疏松调理
四色豆腐,has,营养不良调理
虾仁鲜豆腐,has,骨质疏松调理
香菇烧油菜,has,便秘调理
香菇烧油菜,has,防癌抗癌调理
香菇烧油菜,has,营养不良调理
清炒木耳菜,has,高血压调理
清炒木耳菜,has,清热解毒调理
清炒木耳菜,has,便秘调理
清炒木耳菜,has,防癌抗癌调理
口蘑烧菜心,has,便秘调理
口蘑烧菜心,has,高血压调理
口蘑烧菜心,has,高脂血症调理
清炖茄子,has,补虚养身调理
清炖茄子,has,高血压调理
翡翠春笋,has,便秘调理
翡翠春笋,has,高脂血症调理
翡翠春笋,has,动脉硬化调理
木犀肉,has,营养不良调理
烧冬瓜肉丸子,has,贫血调理
烧冬瓜肉丸子,has,滋阴调理
烧冬瓜肉丸子,has,消化不良
芹菜拌肉丝,has,营养不良调理
芹菜拌肉丝,has,便秘调理
芹菜拌肉丝,has,高血压调理
麻酱拌豆腐,has,动脉硬化调理
麻酱拌豆腐,has,高血压调理
麻酱拌豆腐,has,高脂血症调理
椒油拌豆腐,has,动脉硬化调理
椒油拌豆腐,has,高脂血症调理
虾皮豆腐,has,骨质疏松调理
辣油拌豆腐,has,骨质疏松调理
辣油拌豆腐,has,动脉硬化调理
辣油拌豆腐,has,养颜美容调理
清香豆腐,has,高血压调理
清香豆腐,has,高脂血症调理
素拌三丁,has,高脂血症调理
素拌三丁,has,动脉硬化调理
素拌三丁,has,贫血调理
素炒韭菜,has,春季养生调理
素炒韭菜,has,健脾开胃调理
素炒韭菜,has,减肥瘦身调理
青椒炒豆腐丁,has,高脂血症调理
青椒炒豆腐丁,has,骨质疏松调理
青椒炒豆腐丁,has,便秘调理
白菜豆腐丁,has,养颜美容调理
白菜豆腐丁,has,减肥瘦身调理
白菜豆腐丁,has,清热解毒调理
菜花烧香菇,has,健脾开胃调理
菜花烧香菇,has,高脂血症调理
菜花烧香菇,has,高血压调理
清蒸豆腐羹,has,益智补脑调理
草菇炖豆腐,has,更年期综合症调理
草菇炖豆腐,has,高脂血症调理
草菇炖豆腐,has,高血压调理
炒素肉丝,has,营养不良调理
雪菜豆瓣泥,has,益智补脑调理
雪菜豆瓣泥,has,骨质疏松调理
雪菜豆瓣泥,has,健脾开胃调理
香芹拌腐竹,has,高血压调理
香芹拌腐竹,has,高脂血症调理
香芹拌腐竹,has,动脉硬化调理
青蒜烧豆腐,has,健脾开胃调理
青蒜烧豆腐,has,肝调养调理
牛奶蒸蛋,has,营养不良调理
牛奶蒸蛋,has,养颜美容调理
牛奶蒸蛋,has,骨质疏松调理
黄鱼烧豆腐,has,动脉硬化调理
海米木耳烧冬瓜,has,利尿调理
海米木耳烧冬瓜,has,骨质疏松调理
海米木耳烧冬瓜,has,清热解毒调理
米粉蒸萝卜,has,理气调理
米粉蒸萝卜,has,便秘调理
酥皮蛋饺,has,骨质疏松调理
酥皮蛋饺,has,小儿佝偻病调理
酥皮蛋饺,has,更年期综合症调理
红烧鳗鱼,has,结核病调理
红烧鳗鱼,has,营养不良调理
黄芪鲫鱼汤,has,肾炎调理
黄芪鲫鱼汤,has,水肿调理
黄芪鲫鱼汤,has,通乳调理
蒸兔肉,has,肝调养调理
蒸兔肉,has,糖尿病调理
花旗参蒸乳鸽,has,营养不良调理
花旗参蒸乳鸽,has,补虚养身调理
蒸鱼豆花,has,营养不良调理
蒸鱼豆花,has,健脾开胃调理
竹荪煮草鸡,has,补虚养身调理
竹荪煮草鸡,has,气血双补调理
竹荪煮草鸡,has,营养不良调理
山楂麦芽鸭肾汤,has,贫血调理
山楂麦芽鸭肾汤,has,消化不良
山楂麦芽鸭肾汤,has,健脾开胃调理
蘑菇鲜贝煲,has,补虚养身调理
蘑菇鲜贝煲,has,高血压调理
蘑菇鲜贝煲,has,高脂血症调理
粟米汤,has,营养不良调理
粟米汤,has,高血压调理
粟米汤,has,高脂血症调理
粟米汤,has,冠心病调理
竹荪丝瓜,has,高脂血症调理
栗子芋头鸡汤,has,延缓衰老调理
栗子芋头鸡汤,has,月经不调调理
栗子芋头鸡汤,has,贫血调理
鸡蓉菠菜羹,has,便秘调理
葱油鲜鲢鱼,has,营养不良调理
葱油鲜鲢鱼,has,补气调理
葱油鲜鲢鱼,has,养颜美容调理
竹笙笋鸡,has,营养不良调理
竹笙笋鸡,has,贫血调理
竹笙笋鸡,has,肢寒畏冷调理
清水菜头卷,has,更年期综合症调理
清水菜头卷,has,骨质疏松调理
凉拌木耳菜,has,延缓衰老调理
凉拌木耳菜,has,便秘调理
凉拌木耳菜,has,高血压调理
绞肉胡萝卜炖豆腐,has,明目调理
翡翠鸡块南瓜,has,防癌抗癌调理
素烩竹荪,has,防癌抗癌调理
素烩竹荪,has,延缓衰老调理
素烩竹荪,has,高脂血症调理
小笋炒里脊,has,防癌抗癌调理
香酥鲫鱼,has,营养不良调理
香酥鲫鱼,has,健脾开胃调理
香酥鲫鱼,has,产后恢复调理
奶汤鱼头,has,益智补脑调理
奶汤鱼头,has,延缓衰老调理
酸菜煮草鱼,has,营养不良调理
酸菜煮草鱼,has,补虚养身调理
红薯蒸牛肉,has,营养不良调理
红薯蒸牛肉,has,气血双补调理
红薯蒸牛肉,has,健脾开胃调理
炒鸽脯,has,补虚养身调理
炒鸽脯,has,营养不良调理
海参拌黄瓜,has,补虚养身调理
海参拌黄瓜,has,补血调理
海参拌黄瓜,has,高血压调理
肉末海参,has,滋阴调理
肉末海参,has,补血调理
棒棒鸡,has,补虚养身调理
棒棒鸡,has,月经不调调理
川味炖豆腐,has,高血压调理
川味炖豆腐,has,高脂血症调理
川味炖豆腐,has,清热解毒调理
川味炖豆腐,has,健脾开胃调理
川味炖豆腐,has,脾调养调理
三鲜冻豆腐,has,冬季养生调理
蒸豆腐圆子,has,补虚养身调理
蒸豆腐圆子,has,术后调理
小豆腐炒虾皮,has,骨质疏松调理
小豆腐炒虾皮,has,小儿佝偻病调理
巧炒豆渣,has,便秘调理
巧炒豆渣,has,防癌抗癌调理
炖三鲜素鸭肾,has,更年期综合症调理
炖三鲜素鸭肾,has,骨质疏松调理
炖三鲜素鸭肾,has,小儿佝偻病调理
香菇拌豆腐丝,has,防癌抗癌调理
香菇拌豆腐丝,has,高脂血症调理
清拌扁豆,has,防暑调理
清拌扁豆,has,夏季养生调理
玉米豌豆羹,has,健脾开胃调理
玉米豌豆羹,has,营养不良调理
玉米豌豆羹,has,便秘调理
三丁豆腐羹,has,补虚养身调理
三丁豆腐羹,has,养颜美容调理
三丁豆腐羹,has,更年期综合症调理
砂锅白菜炖豆腐,has,骨质疏松调理
砂锅白菜炖豆腐,has,清热解毒调理
美味木耳蛋汤,has,营养不良调理
美味木耳蛋汤,has,健脾开胃调理
蘑菇鸡丁奶油汤,has,营养不良调理
蘑菇鸡丁奶油汤,has,骨质疏松调理
冬笋牛腱肉,has,补虚养身调理
冬笋牛腱肉,has,冬季养生调理
冬笋牛腱肉,has,健脾开胃调理
核桃肉苁蓉炖鸡,has,补虚养身调理
核桃肉苁蓉炖鸡,has,气血双补调理
核桃肉苁蓉炖鸡,has,营养不良调理
清蒸狮子头,has,补虚养身调理
清蒸狮子头,has,高血压调理
腊味南瓜蒸,has,便秘调理
腊味南瓜蒸,has,防癌抗癌调理
牡丹花蒸鱼,has,高血压调理
牡丹花蒸鱼,has,健脾开胃调理
牡丹花蒸鱼,has,补虚养身调理
百花蒸豆腐,has,更年期综合症调理
百花蒸豆腐,has,骨质疏松调理
百花蒸豆腐,has,贫血调理
北派蒸菜,has,利尿调理
北派蒸菜,has,水肿调理
北派蒸菜,has,健脾开胃调理
砂锅珍珠豆腐,has,营养不良调理
砂锅珍珠豆腐,has,补虚养身调理
砂锅珍珠豆腐,has,气血双补调理
鹌鹑山药汤,has,补虚养身调理
鹌鹑山药汤,has,补气调理
鹌鹑笋菇汤,has,补虚养身调理
鹌鹑笋菇汤,has,气血双补调理
鹌鹑笋菇汤,has,动脉硬化调理
鲤鱼山楂汤,has,健脾开胃调理
鲤鱼山楂汤,has,消化不良
鲤鱼山楂汤,has,水肿调理
红花黑豆鲶鱼汤,has,气血双补调理
红花黑豆鲶鱼汤,has,滋阴调理
红花黑豆鲶鱼汤,has,产后恢复调理
红花黑豆鲶鱼汤,has,水肿调理
陈皮黄鱼汤,has,贫血调理
陈皮黄鱼汤,has,补虚养身调理
炒莴笋,has,清热去火调理
炒莴笋,has,高血压调理
油煎毛豆腐,has,健脾开胃调理
清炒山药丝,has,健脾开胃调理
芙蓉口蘑,has,防癌抗癌调理
芙蓉口蘑,has,健脾开胃调理
芙蓉口蘑,has,营养不良调理
煮三冬,has,减肥瘦身调理
煮三冬,has,健脾开胃调理
煮三冬,has,便秘调理
煮三冬,has,高血压调理
煮三冬,has,高脂血症调理
豆腐熬海带,has,营养不良调理
豉汁熬豆腐,has,减肥瘦身调理
豉汁熬豆腐,has,高血压调理
海米香干芹菜,has,健脾开胃调理
海米香干芹菜,has,便秘调理
银芽牛肉,has,营养不良调理
银芽牛肉,has,高血压调理
银芽牛肉,has,冠心病调理
芝麻油菜,has,高脂血症调理
黄花蛋汤,has,肝调养调理
黄花蛋汤,has,贫血调理
什锦汤,has,健脾开胃调理
什锦汤,has,减肥瘦身调理
芙蓉口蘑汤,has,健脾开胃调理
芙蓉口蘑汤,has,防癌抗癌调理
肉丝豆腐羹,has,营养不良调理
白菜炖豆腐,has,营养不良调理
白菜炖豆腐,has,高血压调理
生煎蚝油凤尾虾,has,清热解毒调理
生煎蚝油凤尾虾,has,补阳调理
果汁煎鸡脯,has,营养不良调理
果汁煎鸡脯,has,月经不调调理
果汁煎鸡脯,has,通乳调理
白菜豆腐汤,has,更年期综合症调理
韭菜花拌豆腐,has,养颜美容调理
韭菜花拌豆腐,has,更年期综合症调理
韭菜花拌豆腐,has,高脂血症调理
青椒苤蓝丝,has,糖尿病调理
青椒苤蓝丝,has,防癌抗癌调理
青椒苤蓝丝,has,便秘调理
青椒苤蓝丝,has,利尿调理
蘑菇炒芦笋,has,健脾开胃调理
蘑菇炒芦笋,has,高血压调理
蘑菇炒芦笋,has,防癌抗癌调理
冬笋拌豆芽,has,减肥瘦身调理
冬笋拌豆芽,has,健脾开胃调理
冬笋拌豆芽,has,便秘调理
洋菜芝麻酱鸡丝,has,肺调养调理
洋菜芝麻酱鸡丝,has,月经不调调理
洋菜芝麻酱鸡丝,has,痛经调理
洋菜芝麻酱鸡丝,has,营养不良调理
莴笋拌肝片,has,肝调养调理
莴笋拌肝片,has,营养不良调理
莴笋拌肝片,has,补虚养身调理
拔丝茄子,has,延缓衰老调理
拔丝茄子,has,高血压调理
熘冬瓜片,has,贫血调理
熘冬瓜片,has,利尿调理
熘冬瓜片,has,清热解毒调理
冻粉鸡丝,has,补虚养身调理
冻粉鸡丝,has,健脾开胃调理
砂锅鱼头,has,益智补脑调理
砂锅鱼头,has,高脂血症调理
烧茄子,has,延缓衰老调理
香糟豆腐,has,骨质疏松调理
香糟豆腐,has,更年期综合症调理
香糟豆腐,has,清热解毒调理
煨氽里脊片,has,贫血调理
煨氽里脊片,has,滋阴调理
素烩豆腐,has,骨质疏松调理
素烩豆腐,has,动脉硬化调理
素烩豆腐,has,养颜美容调理
蒜苗炒香干,has,癫痫调理
蒜苗炒香干,has,延缓衰老调理
蒜苗炒香干,has,动脉硬化调理
豆腐干拌荠菜,has,高血压调理
豆腐干拌荠菜,has,高脂血症调理
鲜香菇煮豆腐,has,骨质疏松调理
鲜香菇煮豆腐,has,动脉硬化调理
芝麻香干,has,癫痫调理
芝麻香干,has,益智补脑调理
四喜肉,has,滋阴调理
四喜肉,has,补血调理
四喜肉,has,补虚养身调理
清炖肉,has,滋阴调理
清炖肉,has,贫血调理
清炖肉,has,营养不良调理
红烧牛肉,has,气血双补调理
红烧牛肉,has,补虚养身调理
红烧牛肉,has,术后调理
红烧牛肉,has,冬季养生调理
荷花白菜,has,清热解毒调理
荷花白菜,has,骨质疏松调理
荷花白菜,has,延缓衰老调理
海米炒油平菇,has,高脂血症调理
油菜叶拌豆腐丝,has,高血压调理
油菜叶拌豆腐丝,has,骨质疏松调理
鸳鸯包菜,has,清热去火调理
鸳鸯包菜,has,便秘调理
鸳鸯包菜,has,健脾开胃调理
烧包菜丝,has,防癌抗癌调理
烧包菜丝,has,延缓衰老调理
烧茄子,has,延缓衰老调理
烧茄子,has,胃调养调理
烧茄子,has,高血压调理
素红烧肉,has,高血压调理
蒜调茄子,has,高血压调理
蒜调茄子,has,延缓衰老调理
如意笋,has,肝炎调理
如意笋,has,脚气调理
如意笋,has,动脉硬化调理
水粉圆子,has,营养不良调理
水粉圆子,has,便秘调理
肉丝白菜,has,清热去火调理
肉丝白菜,has,便秘调理
番茄菠菜拌肉丝,has,滋阴调理
番茄菠菜拌肉丝,has,补虚养身调理
白菜豆腐拌牛肉,has,癫痫调理
白菜豆腐拌牛肉,has,补虚养身调理
豆干牛肉丝,has,癫痫调理
豆干牛肉丝,has,补虚养身调理
黄瓜拌兔丝,has,益智补脑调理
黄瓜拌兔丝,has,养颜美容调理
黄瓜拌兔丝,has,高脂血症调理
椒麻鸡丁,has,产后恢复调理
椒麻鸡丁,has,贫血调理
椒麻鸡丁,has,健脾开胃调理
银芽鸡丝,has,滋阴调理
银芽鸡丝,has,健脾开胃调理
银芽鸡丝,has,月经不调调理
拌双鸡丝,has,补虚养身调理
拌双鸡丝,has,月经不调调理
芹菜拌烤鸭丝,has,营养不良调理
芹菜拌烤鸭丝,has,健脾开胃调理
虾皮豆腐,has,小儿佝偻病调理
虾皮豆腐,has,骨质疏松调理
香椿芽烧豆腐,has,动脉硬化调理
软烂牛蹄筋,has,补虚养身调理
软烂牛蹄筋,has,养颜美容调理
鱼头豆腐汤,has,骨质疏松调理
鱼头豆腐汤,has,延缓衰老调理
鱼头豆腐汤,has,营养不良调理
紫米八宝鸭,has,补虚养身调理
紫米八宝鸭,has,营养不良调理
老厨白菜,has,延缓衰老调理
老厨白菜,has,便秘调理
老厨白菜,has,防癌抗癌调理
芹菜虾子,has,营养不良调理
芹菜虾子,has,高血压调理
金菇拌蜇皮,has,高血压调理
金菇拌蜇皮,has,高脂血症调理
凉拌蚕豆,has,益智补脑调理
凉拌蚕豆,has,高脂血症调理
凉拌蚕豆,has,高血压调理
柿椒拌豆角,has,脾调养调理
榨菜末拌豆腐,has,骨质疏松调理
油条拌豆腐,has,骨质疏松调理
油条拌豆腐,has,更年期综合症调理
蒜虾豆腐,has,养颜美容调理
蒜虾豆腐,has,更年期综合症调理
蒜虾豆腐,has,高脂血症调理
麻香腐蓉,has,养颜美容调理
海鲜拌菜花,has,防癌抗癌调理
海鲜拌菜花,has,高血压调理
海鲜拌菜花,has,高脂血症调理
海鲜拌菜花,has,延缓衰老调理
水煮花生米,has,高血压调理
水煮花生米,has,高脂血症调理
水煮花生米,has,动脉硬化调理
花生豆干,has,癫痫调理
花生豆干,has,动脉硬化调理
花生豆干,has,高脂血症调理
花生豆干,has,延缓衰老调理
冰糖荔枝,has,补虚养身调理
冰糖荔枝,has,气血双补调理
五香西芹,has,骨质疏松调理
五香西芹,has,高血压调理
五香西芹,has,便秘调理
菠菜炒豆芽,has,健脾开胃调理
菠菜炒豆芽,has,便秘调理
菠菜炒豆芽,has,高脂血症调理
冬菇炒茼蒿,has,健脾开胃调理
冬菇炒茼蒿,has,高血压调理
冬菇炒茼蒿,has,高脂血症调理
鲜蘑玉兰片,has,防癌抗癌调理
鲜蘑玉兰片,has,高血压调理
口蘑炒玉兰片,has,防癌抗癌调理
口蘑炒玉兰片,has,高血压调理
口蘑炒玉兰片,has,高脂血症调理
木耳炒豆腐皮,has,营养不良调理
木耳炒豆腐皮,has,健脾开胃调理
腐干炒蒜苗,has,动脉硬化调理
腐干炒蒜苗,has,骨质疏松调理
葱油炒黄豆芽,has,高血压调理
青椒玉米,has,营养不良调理
青椒玉米,has,便秘调理
青椒玉米,has,高血压调理
青椒玉米,has,高脂血症调理
青辣椒炒玉米,has,营养不良调理
青辣椒炒玉米,has,便秘调理
青辣椒炒玉米,has,高脂血症调理
豆腐干拌白菜心,has,减肥瘦身调理
豆腐干拌白菜心,has,高脂血症调理
香椿拌干丝,has,春季养生调理
凉拌笋菇,has,高血压调理
凉拌笋菇,has,高脂血症调理
荠菜拌豆腐,has,脾调养调理
芝麻笋片,has,清热去火调理
芝麻笋片,has,利尿调理
芝麻笋片,has,健脾开胃调理
芝麻笋片,has,便秘调理
酱香豆腐干,has,补虚养身调理
酱香豆腐干,has,高脂血症调理
酱香豆腐干,has,动脉硬化调理
芙蓉煨菜花,has,养颜美容调理
芙蓉煨菜花,has,防癌抗癌调理
芙蓉煨菜花,has,益智补脑调理
腐竹烧香菇,has,动脉硬化调理
红烧豆腐泡,has,营养不良调理
红烧豆腐泡,has,健脾开胃调理
砂锅白菜粉条汤,has,高血压调理
砂锅白菜粉条汤,has,冠心病调理
白滑豆腐汤,has,动脉硬化调理
三丝豆苗汤,has,防癌抗癌调理
三丝豆苗汤,has,高血压调理
三丝豆苗汤,has,高脂血症调理
炒素肉片,has,高血压调理
炒素肉片,has,高脂血症调理
炒素肉片,has,糖尿病调理
粉蒸芋球,has,防癌抗癌调理
粉蒸芋球,has,延缓衰老调理
粉蒸芋球,has,养颜美容调理
香干白菜心,has,防癌抗癌调理
香干白菜心,has,便秘调理
香干白菜心,has,动脉硬化调理
豉油皇蒸红鱼,has,益智补脑调理
韭菜花炒墨鱼,has,明目调理
韭菜花炒墨鱼,has,脾调养调理
冬笋炒鸡片,has,营养不良调理
冬笋炒鸡片,has,滋阴调理
冬笋炒鸡片,has,月经不调调理
菜远炒鸡片,has,营养不良调理
菜远炒鸡片,has,滋阴调理
菜远炒鸡片,has,月经不调调理
蒜苗鸡条,has,营养不良调理
蒜苗鸡条,has,补血调理
蒜苗鸡条,has,健脾开胃调理
豆苗炒鸡丝,has,营养不良调理
豆苗炒鸡丝,has,滋阴调理
豆苗炒鸡丝,has,贫血调理
蚝油煎双菇,has,高血压调理
蚝油煎双菇,has,高脂血症调理
蚝油煎双菇,has,冠心病调理
蚝油煎双菇,has,糖尿病调理
蚝油煎双菇,has,健脾开胃调理
蒸素鸡,has,营养不良调理
蒸素鸡,has,小儿厌食调理
金华豆腐,has,骨质疏松调理
金华豆腐,has,更年期综合症调理
金华豆腐,has,养颜美容调理
老少平安,has,骨质疏松调理
老少平安,has,补虚养身调理
老少平安,has,动脉硬化调理
牛肉蒸豆腐,has,骨质疏松调理
牛肉蒸豆腐,has,贫血调理
牛肉蒸豆腐,has,养颜美容调理
珍珠玉米笋,has,健脾开胃调理
珍珠玉米笋,has,便秘调理
珍珠玉米笋,has,滋阴调理
五彩白菜丝,has,健脾开胃调理
木耳豆腐,has,骨质疏松调理
木耳豆腐,has,更年期综合症调理
木耳豆腐,has,养颜美容调理
咖喱鸡块,has,健脾开胃调理
咖喱鸡块,has,营养不良调理
咖喱鸡块,has,贫血调理
鱼圆汤,has,营养不良调理
鱼圆汤,has,气血双补调理
鱼圆汤,has,补虚养身调理
川味棒棒鸡,has,营养不良调理
川味棒棒鸡,has,补虚养身调理
川味棒棒鸡,has,健脾开胃调理
凉拌白菜丝,has,清热解毒调理
凉拌白菜丝,has,利尿调理
凉拌白菜丝,has,健脾开胃调理
凉拌白菜丝,has,便秘调理
翡翠豆腐汤,has,营养不良调理
翡翠豆腐汤,has,动脉硬化调理
海米烩豆腐,has,更年期综合症调理
海米烩豆腐,has,骨质疏松调理
鲜菇凤豆肉片汤,has,贫血调理
鲜菇凤豆肉片汤,has,营养不良调理
鲜菇凤豆肉片汤,has,骨质疏松调理
香菇豆腐汤,has,更年期综合症调理
香菇豆腐汤,has,营养不良调理
百花豆腐,has,骨质疏松调理
百花豆腐,has,营养不良调理
冬笋炝黄豆芽,has,清热解毒调理
冬笋炝黄豆芽,has,健脾开胃调理
冬笋炝黄豆芽,has,便秘调理
排骨柴鱼汤,has,健脾开胃调理
排骨柴鱼汤,has,滋阴调理
排骨柴鱼汤,has,补血调理
扣蒸滑肉,has,补虚养身调理
扣蒸滑肉,has,肾调养调理
扣蒸滑肉,has,健脾开胃调理
毛豆炒豆腐,has,骨质疏松调理
雪花鸡焯,has,贫血调理
雪花鸡焯,has,月经不调调理
雪花鸡焯,has,肢寒畏冷调理
潺菜鱼滑汤,has,高血压调理
潺菜鱼滑汤,has,防癌抗癌调理
潺菜鱼滑汤,has,清热解毒调理
潺菜鱼滑汤,has,利尿调理
通草鲫鱼汤,has,补虚养身调理
什锦玉米,has,防癌抗癌调理
什锦玉米,has,健脾开胃调理
糟素鹅皮,has,骨质疏松调理
糟素鹅皮,has,高血压调理
糟素鹅皮,has,高脂血症调理
苋菜豆腐羹,has,健脾开胃调理
苋菜豆腐羹,has,便秘调理
外婆乡村鸡,has,骨质疏松调理
外婆乡村鸡,has,小儿佝偻病调理
铁观音炖仔鸡,has,气血双补调理
铁观音炖仔鸡,has,营养不良调理
铁观音炖仔鸡,has,补虚养身调理
银鱼羊肉丝,has,补虚养身调理
银鱼羊肉丝,has,高脂血症调理
银鱼羊肉丝,has,脾调养调理
炸溜鳜鱼,has,消化不良
炸溜鳜鱼,has,营养不良调理
炸溜鳜鱼,has,健脾开胃调理
辣豉千张,has,骨质疏松调理
辣豉千张,has,动脉硬化调理
七彩香菇,has,减肥瘦身调理
七彩香菇,has,健脾开胃调理
菱形豆腐,has,养颜美容调理
菱形豆腐,has,减肥瘦身调理
菱形豆腐,has,更年期综合症调理
酱焖丝瓜,has,动脉硬化调理
酱焖丝瓜,has,减肥瘦身调理
酱焖丝瓜,has,骨质疏松调理
素笋汤,has,减肥瘦身调理
素笋汤,has,防癌抗癌调理
素笋汤,has,便秘调理
双枣元菜,has,健脾开胃调理
双枣元菜,has,延缓衰老调理
双枣元菜,has,减肥瘦身调理
吉列明虾卷,has,气血双补调理
豆腐蟹黄羹,has,营养不良调理
豆腐蟹黄羹,has,补虚养身调理
豆腐蟹黄羹,has,益智补脑调理
青蒸茶鲫鱼,has,营养不良调理
青蒸茶鲫鱼,has,补虚养身调理
青蒸茶鲫鱼,has,产后恢复调理
鸡油蒸鳊鱼,has,补虚养身调理
鸡油蒸鳊鱼,has,脾调养调理
鸡油蒸鳊鱼,has,贫血调理
鸭架栗子白菜汤,has,清热去火调理
鸭架栗子白菜汤,has,骨质疏松调理
番茄黄焖鸡块,has,健脾开胃调理
番茄黄焖鸡块,has,贫血调理
番茄黄焖鸡块,has,滋阴调理
鸭骨玉兰片汤,has,骨质疏松调理
鸭骨玉兰片汤,has,清热去火调理
炸羊排（一）,has,脾调养调理
炸羊排（一）,has,冬季养生调理
醋熘鳜鱼,has,健脾开胃调理
醋熘鳜鱼,has,补虚养身调理
砂锅豆腐（一）,has,更年期综合症调理
砂锅豆腐（一）,has,小儿佝偻病调理
砂锅豆腐（一）,has,骨质疏松调理
砂锅豆腐（二）,has,小儿佝偻病调理
砂锅豆腐（二）,has,骨质疏松调理
砂锅豆腐（二）,has,更年期综合症调理
一品砂锅汤,has,营养不良调理
一品砂锅汤,has,补虚养身调理
一品砂锅汤,has,健脾开胃调理
猪尾浓汤,has,营养不良调理
圆笼武昌鱼,has,营养不良调理
圆笼武昌鱼,has,贫血调理
鱼头炖茄子,has,益智补脑调理
鱼头炖茄子,has,消化不良
豉姜泥鳅,has,补虚养身调理
山药豆腐丸,has,健脾开胃调理
蚝油茄丝,has,防癌抗癌调理
蚝油茄丝,has,延缓衰老调理
菠菜汆丸子,has,便秘调理
菠菜汆丸子,has,壮腰健肾调理
酱茄泥,has,止血调理
青椒炒丝瓜,has,健脾开胃调理
青椒炒丝瓜,has,养颜美容调理
炒三丝(1),has,高血压调理
炒三丝(1),has,便秘调理
炒三丝(2),has,健脾开胃调理
炒三丝(2),has,防癌抗癌调理
炒三丝(2),has,高血压调理
蟹香豆腐,has,骨质疏松调理
蟹香豆腐,has,减肥瘦身调理
鲜贝蒸豆腐,has,骨质疏松调理
鲜贝蒸豆腐,has,减肥瘦身调理
熘豆腐,has,养颜美容调理
熘豆腐,has,骨质疏松调理
虾皮粉丝海带汤,has,甲状腺疾病调理
虾皮粉丝海带汤,has,高血压调理
虾皮粉丝海带汤,has,高脂血症调理
虾仁仙人掌汤,has,补虚养身调理
虾仁仙人掌汤,has,壮腰健肾调理
虾仁仙人掌汤,has,营养不良调理
青豆鱼头汤,has,骨质疏松调理
青豆鱼头汤,has,益智补脑调理
青豆鱼头汤,has,延缓衰老调理
干烧活鲫鱼,has,肾炎调理
干烧活鲫鱼,has,补虚养身调理
黄焖羊肉（一）,has,肢寒畏冷调理
黄焖羊肉（一）,has,健脾开胃调理
黄焖羊肉（一）,has,冬季养生调理
蒸羊排,has,脾调养调理
蒸羊排,has,健脾开胃调理
烧羊排,has,冬季养生调理
烧羊排,has,肾调养调理
香菇里脊,has,滋阴调理
香菇里脊,has,营养不良调理
香花鸡丝,has,补虚养身调理
香花鸡丝,has,营养不良调理
香花鸡丝,has,健脾开胃调理
绍菜肉丸煲,has,贫血调理
绍菜肉丸煲,has,便秘调理
绍菜肉丸煲,has,滋阴调理
炒菊花菜,has,高血压调理
炒菊花菜,has,高脂血症调理
炒菊花菜,has,神经衰弱调理
炒菊花菜,has,失眠调理
糊辣青鳝,has,补虚养身调理
糊辣青鳝,has,贫血调理
兔肉火锅,has,益智补脑调理
兔肉火锅,has,延缓衰老调理
酸辣豆腐瘦肉羹,has,营养不良调理
酸辣豆腐瘦肉羹,has,健脾开胃调理
板栗牛肉,has,健脾开胃调理
板栗牛肉,has,祛痰调理
板栗牛肉,has,补虚养身调理
萝卜鸡丝,has,高脂血症调理
萝卜鸡丝,has,冠心病调理
萝卜鸡丝,has,明目调理
白菜蜇皮,has,高血压调理
白菜蜇皮,has,祛痰调理
白灼基围虾,has,补阳调理
氽毛豆丸子,has,营养不良调理
氽毛豆丸子,has,健脾开胃调理
洋葱蘑菇红烩鸡,has,补虚养身调理
洋葱蘑菇红烩鸡,has,营养不良调理
烩鸡丝,has,营养不良调理
烩鸡丝,has,贫血调理
烩鸡丝,has,肢寒畏冷调理
鲫鱼陈皮枸杞菜,has,营养不良调理
鲫鱼陈皮枸杞菜,has,补虚养身调理
玉笋鸡米,has,月经不调调理
玉笋鸡米,has,便秘调理
玉笋鸡米,has,贫血调理
醋熘豆腐,has,骨质疏松调理
醋熘豆腐,has,养颜美容调理
醋熘豆腐,has,减肥瘦身调理
烩鱼银丝,has,营养不良调理
烩鱼银丝,has,贫血调理
烩鱼银丝,has,肢寒畏冷调理
芽菜炒虾仁,has,营养不良调理
芽菜炒虾仁,has,防癌抗癌调理
熘珊瑚虾仁,has,高血压调理
熘珊瑚虾仁,has,冠心病调理
熘珊瑚虾仁,has,补阳调理
口蘑虾片,has,营养不良调理
口蘑虾片,has,通乳调理
口蘑虾片,has,壮腰健肾调理
青蒜焖火腩,has,冬季养生调理
口蘑里脊,has,肾调养调理
口蘑里脊,has,补虚养身调理
京葱铁板牛柳,has,贫血调理
京葱铁板牛柳,has,健脾开胃调理
芋艿鲩鱼腩,has,营养不良调理
芋艿鲩鱼腩,has,补虚养身调理
芋艿鲩鱼腩,has,健脾开胃调理
栗子黄焖鸡,has,气血双补调理
栗子黄焖鸡,has,健脾开胃调理
栗子黄焖鸡,has,补虚养身调理
冬菇鸡,has,气血双补调理
冬菇鸡,has,补虚养身调理
冬菇鸡,has,健脾开胃调理
熘黄菜(一),has,贫血调理
熘黄菜(一),has,益智补脑调理
烩甜三鲜,has,养颜美容调理
烩甜三鲜,has,高血压调理
烩蛋饺,has,贫血调理
烩蛋饺,has,消化不良
烩蛋饺,has,营养不良调理
节瓜咸蛋瘦肉汤,has,清热解毒调理
节瓜咸蛋瘦肉汤,has,糖尿病调理
节瓜咸蛋瘦肉汤,has,利尿调理
节瓜咸蛋瘦肉汤,has,肾炎调理
节瓜咸蛋瘦肉汤,has,肾调养调理
银耳鹌鹑汤,has,营养不良调理
银耳鹌鹑汤,has,补虚养身调理
子鸡汤,has,补虚养身调理
椒盐鲫鱼汤,has,健脾开胃调理
椒盐鲫鱼汤,has,通乳调理
椒盐鲫鱼汤,has,水肿调理
排骨蘑菇汤,has,补虚养身调理
排骨蘑菇汤,has,健脾开胃调理
排骨蘑菇汤,has,防癌抗癌调理
蔬菜云吞汤,has,贫血调理
蔬菜云吞汤,has,月经不调调理
金银菜排骨汤,has,营养不良调理
金银菜排骨汤,has,冬季养生调理
金银菜排骨汤,has,肢寒畏冷调理
横舌好市汤,has,高血压调理
横舌好市汤,has,肝调养调理
横舌好市汤,has,清热解毒调理
横舌好市汤,has,利尿调理
横舌好市汤,has,便秘调理
横舌好市汤,has,防癌抗癌调理
鲜鱼蒸蛋,has,营养不良调理
鲜鱼蒸蛋,has,健脾开胃调理
双冬滑鸡,has,月经不调调理
双冬滑鸡,has,贫血调理
甘笋鸡块,has,补虚养身调理
甘笋鸡块,has,气血双补调理
甘笋鸡块,has,健脾开胃调理
蘑菇玉兰片汤,has,动脉硬化调理
蘑菇玉兰片汤,has,高脂血症调理
蘑菇玉兰片汤,has,高血压调理
鸡茸大白菜心,has,防癌抗癌调理
鸡茸大白菜心,has,便秘调理
鸡茸大白菜心,has,减肥瘦身调理
鸡茸大白菜心,has,延缓衰老调理
鱼沙拉,has,贫血调理
鱼沙拉,has,产后恢复调理
鱼沙拉,has,失眠调理
卤腰片,has,壮腰健肾调理
卤腰片,has,理气调理
卤腰片,has,贫血调理
糖醋素鱼,has,减肥瘦身调理
糖醋素鱼,has,肝硬化调理
糖醋素鱼,has,心调养调理
龙井鱼片,has,营养不良调理
龙井鱼片,has,补虚养身调理
龙井鱼片,has,高血压调理
猪舌西洋菜汤,has,便秘调理
猪舌西洋菜汤,has,利尿调理
猪舌西洋菜汤,has,高血压调理
猪舌西洋菜汤,has,肝调养调理
猪舌西洋菜汤,has,清热解毒调理
猪舌西洋菜汤,has,防癌抗癌调理
鸡丝扒鲜菇,has,补虚养身调理
鸡丝扒鲜菇,has,糖尿病调理
雪里蕻鸡焯,has,营养不良调理
雪里蕻鸡焯,has,贫血调理
雪里蕻鸡焯,has,健脾开胃调理
清蒸羊肉（三）,has,肢寒畏冷调理
清蒸羊肉（三）,has,健脾开胃调理
豌豆鱼盅羹,has,延缓衰老调理
豌豆鱼盅羹,has,益智补脑调理
荷包果味双菇肉,has,健脾开胃调理
荷包果味双菇肉,has,动脉硬化调理
糟熘鱼片(二),has,健脾开胃调理
糟熘鱼片(二),has,营养不良调理
糟熘鱼片(二),has,补虚养身调理
豆腐汉堡,has,动脉硬化调理
黄金菇炖椰奶,has,高血压调理
黄金菇炖椰奶,has,高脂血症调理
砂锅烧牛蛙,has,营养不良调理
砂锅烧牛蛙,has,补虚养身调理
砂锅烧牛蛙,has,健脾开胃调理
肉松（二）,has,营养不良调理
清汤鸭块,has,骨质疏松调理
清汤鸭块,has,小儿佝偻病调理
清汤鸭块,has,更年期综合症调理
一品鸽蛋,has,骨质疏松调理
一品鸽蛋,has,更年期综合症调理
一品鸽蛋,has,高血压调理
三鲜素鱼肚,has,健脾开胃调理
长寿菜,has,健脾开胃调理
长寿菜,has,便秘调理
长寿菜,has,防癌抗癌调理
油焖花菇,has,防癌抗癌调理
油焖花菇,has,高脂血症调理
烧冬瓜,has,利尿调理
烧冬瓜,has,水肿调理
烧冬瓜,has,清热解毒调理
荷叶鸭子,has,高血压调理
荷叶鸭子,has,清热去火调理
满月银球,has,营养不良调理
满月银球,has,补虚养身调理
满月银球,has,健脾开胃调理
烩三样,has,营养不良调理
生扒羊肉,has,冬季养生调理
生扒羊肉,has,补虚养身调理
生扒羊肉,has,气血双补调理
怪味泥鳅,has,益智补脑调理
怪味泥鳅,has,延缓衰老调理
鲫鱼氽白玉,has,营养不良调理
鲫鱼氽白玉,has,健脾开胃调理
鲫鱼氽白玉,has,补虚养身调理
龙井白玉,has,壮腰健肾调理
龙井白玉,has,补虚养身调理
龙井白玉,has,通乳调理
清炖牛尾汤,has,补虚养身调理
清炖牛尾汤,has,壮腰健肾调理
清炖牛尾汤,has,营养不良调理
蚝油香菇豆腐,has,防癌抗癌调理
蚝油香菇豆腐,has,高脂血症调理
家乡炊鸡,has,补虚养身调理
家乡炊鸡,has,健脾开胃调理
烩鱼丝海参,has,补虚养身调理
烩鱼丝海参,has,壮腰健肾调理
烩鱼丝海参,has,气血双补调理
烩鱼丝海参,has,营养不良调理
炸“鹅脖”,has,补虚养身调理
炸“鹅脖”,has,补阳调理
炸“鹅脖”,has,壮腰健肾调理
洋菜拌虾仁,has,营养不良调理
洋菜拌虾仁,has,阳痿早泄调理
荷叶豆腐,has,动脉硬化调理
脆皮炸猪脑,has,益智补脑调理
脆皮炸猪脑,has,健忘调理
脆皮炸猪脑,has,神经衰弱调理
冬笋煲鹌鹑,has,营养不良调理
人参红枣炖兔肉,has,气血双补调理
人参红枣炖兔肉,has,补虚养身调理
砂锅豆腐（三）,has,骨质疏松调理
氽鲫鱼汤,has,营养不良调理
氽鲫鱼汤,has,补虚养身调理
氽鲫鱼汤,has,通乳调理
外婆两江鱼,has,营养不良调理
外婆两江鱼,has,健脾开胃调理
外婆两江鱼,has,补虚养身调理
三鲜酿黄瓜,has,清热去火调理
三鲜酿黄瓜,has,养颜美容调理
三鲜酿黄瓜,has,营养不良调理
黄瓜盅,has,清热去火调理
黄瓜盅,has,减肥瘦身调理
炒蛋奶片,has,营养不良调理
鱼肉酿冬菇,has,补虚养身调理
鱼肉酿冬菇,has,气血双补调理
鱼肉酿冬菇,has,营养不良调理
鲜虾蟹柳色拉,has,补虚养身调理
鲜虾蟹柳色拉,has,营养不良调理
佛手包菜,has,补虚养身调理
佛手包菜,has,气血双补调理
佛手包菜,has,营养不良调理
焦炸茄子,has,延缓衰老调理
煎卷筒笋丝,has,便秘调理
煎卷筒笋丝,has,健脾开胃调理
沙司寿桃,has,健脾开胃调理
沙司寿桃,has,营养不良调理
沙司寿桃,has,延缓衰老调理
红烧狮子头(四喜丸子),has,营养不良调理
红烧狮子头(四喜丸子),has,健脾开胃调理
卤肉,has,补虚养身调理
卤肉,has,滋阴调理
卤肉,has,贫血调理
芹菜拌猪心,has,心调养调理
芹菜拌猪心,has,失眠调理
芹菜拌猪心,has,高血压调理
牛尾清汤,has,营养不良调理
鸡片海参,has,补虚养身调理
鸡片海参,has,气血双补调理
鸡片海参,has,高血压调理
酱爆兔肉丁,has,益智补脑调理
枣粟焖仔鸡,has,补血调理
枣粟焖仔鸡,has,营养不良调理
枣粟焖仔鸡,has,补虚养身调理
黄山炖鸽,has,营养不良调理
八宝鸡,has,补虚养身调理
八宝鸡,has,健脾开胃调理
口香兔,has,营养不良调理
口香兔,has,健脾开胃调理
口香兔,has,益智补脑调理
荠香肉丝,has,营养不良调理
荠香肉丝,has,健脾开胃调理
西洋菜及第汤,has,利尿调理
西洋菜及第汤,has,便秘调理
西洋菜及第汤,has,高血压调理
西洋菜及第汤,has,防癌抗癌调理
西洋菜及第汤,has,肝调养调理
西洋菜及第汤,has,清热解毒调理
蘑菇炒韭芽,has,高血压调理
蘑菇炒韭芽,has,动脉硬化调理
烩蘑菇鸡柳,has,补虚养身调理
杏仁熘鸽丁,has,营养不良调理
杏仁熘鸽丁,has,补虚养身调理
杏仁熘鸽丁,has,气血双补调理
烩冬菇素鱼片,has,夏季养生调理
烩冬菇素鱼片,has,健脾开胃调理
桂花鱼丝,has,营养不良调理
桂花鱼丝,has,补虚养身调理
桂花鱼丝,has,健脾开胃调理
糟熘鱼白,has,补气调理
糟熘鱼白,has,脾调养调理
花菇鸡丝,has,延缓衰老调理
花菇鸡丝,has,补虚养身调理
花菇鸡丝,has,防癌抗癌调理
冬菇油鸡,has,补虚养身调理
番薯麦米粥,has,防癌抗癌调理
番薯麦米粥,has,动脉硬化调理
番薯麦米粥,has,延缓衰老调理
雪盖乌龙,has,更年期综合症调理
雪盖乌龙,has,骨质疏松调理
五彩缤纷,has,营养不良调理
五彩缤纷,has,补虚养身调理
五彩缤纷,has,健脾开胃调理
糟醉鸡片,has,理气调理
黄汁鸡块汤,has,气血双补调理
黄汁鸡块汤,has,补虚养身调理
黄汁鸡块汤,has,营养不良调理
粉葛鲫鱼汤,has,营养不良调理
粉葛鲫鱼汤,has,补虚养身调理
粉葛鲫鱼汤,has,通乳调理
黄瓜氽肉片汤,has,健脾开胃调理
黄瓜氽肉片汤,has,营养不良调理
海参猪爪汤,has,补虚养身调理
海参猪爪汤,has,心调养调理
海参猪爪汤,has,气血双补调理
海参猪爪汤,has,肾调养调理
核桃炖鸡,has,营养不良调理
核桃炖鸡,has,补虚养身调理
核桃炖鸡,has,益智补脑调理
什锦豆腐,has,营养不良调理
什锦豆腐,has,补虚养身调理
什锦豆腐,has,健脾开胃调理
鸡腿菇炖笋,has,祛痰调理
鸡腿菇炖笋,has,延缓衰老调理
鸡腿菇炖笋,has,更年期综合症调理
鸡腿菇炖笋,has,肝炎调理
红松豆腐,has,骨质疏松调理
鲫鱼鸳鸯蛋,has,营养不良调理
鲫鱼鸳鸯蛋,has,术后调理
大煮干丝,has,骨质疏松调理
白菜炒干丝,has,癫痫调理
白菜炒干丝,has,动脉硬化调理
素炒小白菜,has,清热去火调理
长鱼煮干丝,has,营养不良调理
长鱼煮干丝,has,骨质疏松调理
兰花豆干,has,癫痫调理
兰花豆干,has,延缓衰老调理
兰花豆干,has,动脉硬化调理
炒豆腐泥,has,减肥瘦身调理
炒豆腐泥,has,便秘调理
炒豆腐泥,has,高血压调理
翡翠干丝,has,癫痫调理
翡翠干丝,has,补虚养身调理
翡翠干丝,has,动脉硬化调理
温拌海肠,has,健脾开胃调理
枸杞头氽鸡片,has,补虚养身调理
枸杞头氽鸡片,has,营养不良调理
银丝肉,has,滋阴调理
银丝肉,has,贫血调理
豆腐烧油菜,has,骨质疏松调理
豆腐烧油菜,has,高血压调理
肉松,has,滋阴调理
肉松,has,贫血调理
五香酱兔肉,has,营养不良调理
五香酱兔肉,has,健脾开胃调理
五香酱兔肉,has,减肥瘦身调理
芦荟拌鸡丝,has,补虚养身调理
芦荟拌鸡丝,has,气血双补调理
粉皮拌鸡丝,has,补虚养身调理
粉皮拌鸡丝,has,气血双补调理
豌豆拌鸡肉,has,补虚养身调理
豌豆拌鸡肉,has,健脾开胃调理
香辣鱼丁,has,营养不良调理
鸳鸯河虾,has,通乳调理
鸳鸯河虾,has,气血双补调理
香椿豌豆,has,春季养生调理
香椿豌豆,has,腹泻调理
冬笋扁豆,has,清热解毒调理
冬笋扁豆,has,防暑调理
冬笋扁豆,has,防癌抗癌调理
枸杞干丝,has,更年期综合症调理
枸杞干丝,has,骨质疏松调理
枸杞干丝,has,动脉硬化调理
蜜汁熏干,has,骨质疏松调理
蜜汁熏干,has,更年期综合症调理
蜜汁熏干,has,小儿佝偻病调理
大枣荔枝干,has,气血双补调理
大枣荔枝干,has,补虚养身调理
燕菜素鸡丝汤,has,动脉硬化调理
燕菜素鸡丝汤,has,心调养调理
三色蔬菜粥,has,便秘调理
三色蔬菜粥,has,脾调养调理
三色蔬菜粥,has,消化不良
鹌鹑粥,has,补虚养身调理
鹌鹑粥,has,补气调理
鹌鹑粥,has,脾调养调理
附子冰糖炖冬瓜,has,哮喘调理
附子冰糖炖冬瓜,has,肺调养调理
附子冰糖炖冬瓜,has,清热解毒调理
蘑菇地栗,has,肾调养调理
蘑菇地栗,has,高血压调理
蘑菇地栗,has,动脉硬化调理
蘑菇地栗,has,健脾开胃调理
人参炖鹌鹑,has,肾调养调理
人参炖鹌鹑,has,补虚养身调理
人参炖鹌鹑,has,延缓衰老调理
党参香菇延寿鸡,has,健脾开胃调理
党参香菇延寿鸡,has,补虚养身调理
菠菜粥,has,活血化瘀调理
菠菜粥,has,补血调理
山药芡实粥,has,延缓衰老调理
山药芡实粥,has,失眠调理
山药芡实粥,has,气血双补调理
虾酱牛肉炒通菜,has,健脾开胃调理
虾酱牛肉炒通菜,has,气血双补调理
虾酱牛肉炒通菜,has,冬季养生调理
何首乌鸡,has,健脾开胃调理
何首乌鸡,has,壮腰健肾调理
何首乌鸡,has,补虚养身调理
荔枝干大枣汤,has,贫血调理
荔枝干大枣汤,has,补虚养身调理
八宝童鸡,has,气血双补调理
八宝童鸡,has,营养不良调理
炝苋菜,has,便秘调理
炝苋菜,has,利尿调理
素什锦水饺,has,营养不良调理
素什锦水饺,has,便秘调理
面筋草菇笋菜豆腐汤,has,便秘调理
面筋草菇笋菜豆腐汤,has,高脂血症调理
香蕉粥,has,春季养生调理
香蕉粥,has,便秘调理
香蕉粥,has,高血压调理
慈姑椰菜汤,has,健脾开胃调理
慈姑椰菜汤,has,防癌抗癌调理
慈姑椰菜汤,has,便秘调理
奶油冬苋汤,has,利尿调理
奶油冬苋汤,has,便秘调理
奶油冬苋汤,has,骨质疏松调理
马齿苋荠菜粥,has,利尿调理
马齿苋荠菜粥,has,便秘调理
馄饨汤,has,便秘调理
馄饨汤,has,贫血调理
馄饨汤,has,消化不良
花生粥,has,延缓衰老调理
花生粥,has,便秘调理
花生粥,has,健忘调理
上汤素水饺,has,便秘调理
上汤素水饺,has,高脂血症调理
上汤素水饺,has,动脉硬化调理
红花绿叶粥,has,便秘调理
红花绿叶粥,has,明目调理
素五丁饺,has,消化不良
素五丁饺,has,便秘调理
白菜包,has,贫血调理
白菜包,has,清热解毒调理
白菜包,has,便秘调理
素三丝,has,高血压调理
素三丝,has,减肥瘦身调理
素三丝,has,糖尿病调理
素三丝,has,健脾开胃调理
素三丝,has,便秘调理
炒芹菜豆腐干,has,便秘调理
炒芹菜豆腐干,has,糖尿病调理
金针熏鱼,has,利尿调理
金针熏鱼,has,水肿调理
蛋液鲫鱼羹,has,益智补脑调理
蛋液鲫鱼羹,has,通乳调理
蛋液鲫鱼羹,has,水肿调理
蛋液鲫鱼羹,has,清热解毒调理
芹菜粥,has,利尿调理
芹菜粥,has,清热去火调理
芹菜粥,has,水肿调理
羔烧白果,has,癫痫调理
羔烧白果,has,头痛调理
羔烧白果,has,结核病调理
糖醋山药蛋块,has,腹泻调理
糖醋山药蛋块,has,消化不良
糖醋山药蛋块,has,肾炎调理
止泻猪肚汤,has,健脾开胃调理
止泻猪肚汤,has,腹泻调理
北芪参枣生鱼汤,has,气血双补调理
北芪参枣生鱼汤,has,营养不良调理
北芪参枣生鱼汤,has,延缓衰老调理
人参炖羊肉,has,补虚养身调理
人参炖羊肉,has,壮腰健肾调理
人参炖羊肉,has,阳痿早泄调理
芝麻仁粥,has,快餐/主食
芝麻仁粥,has,营养不良调理
芝麻仁粥,has,气血双补调理
首乌小米粥,has,子宫脱垂调理
牛肉归芪汤,has,健脾开胃调理
牛肉归芪汤,has,营养不良调理
牛肉归芪汤,has,补虚养身调理
枸杞桃仁鸡丁,has,补虚养身调理
枸杞桃仁鸡丁,has,气血双补调理
枸杞桃仁鸡丁,has,贫血调理
三鲜蛋饺汤,has,贫血调理
三鲜蛋饺汤,has,营养不良调理
莲子蛋汤,has,气血双补调理
莲子蛋汤,has,活血化瘀调理
小米红枣粥,has,气血双补调理
卤百叶串,has,营养不良调理
卤百叶串,has,补虚养身调理
卤百叶串,has,气血双补调理
人参炖鸡,has,补虚养身调理
人参炖鸡,has,营养不良调理
人参炖鸡,has,气血双补调理
小米面甜沫,has,气血双补调理
鲜肉灌汤蒸饺,has,补虚养身调理
鲜肉灌汤蒸饺,has,气血双补调理
鲜肉灌汤蒸饺,has,健脾开胃调理
家常包子,has,补虚养身调理
家常包子,has,气血双补调理
黄芪煲鹌鹑,has,水肿调理
黄芪煲鹌鹑,has,营养不良调理
鸡丝花卷,has,补虚养身调理
鸡丝花卷,has,气血双补调理
鸡丝花卷,has,营养不良调理
麦穗包,has,防癌抗癌调理
麦穗包,has,清热解毒调理
麦穗包,has,肝调养调理
麦穗包,has,高血压调理
麦穗包,has,便秘调理
麦穗包,has,利尿调理
奶油珍珠,has,气血双补调理
奶油珍珠,has,养颜美容调理
三丝金针菇,has,防癌抗癌调理
三丝金针菇,has,气血双补调理
小米蛋奶粥,has,补虚养身调理
小米蛋奶粥,has,气血双补调理
豆薯粥,has,气血双补调理
豆薯粥,has,防癌抗癌调理
豆薯粥,has,延缓衰老调理
丽参鸡汤,has,健脾开胃调理
丽参鸡汤,has,补虚养身调理
蚝油滑鸡条,has,补虚养身调理
蚝油滑鸡条,has,气血双补调理
糟溜三白,has,营养不良调理
糟溜三白,has,健脾开胃调理
糟溜三白,has,气血双补调理
鸡汤面条,has,补虚养身调理
鸡汤面条,has,气血双补调理
桂圆莲子粥,has,营养不良调理
桂圆莲子粥,has,气血双补调理
桂圆莲子粥,has,腹泻调理
山药大枣粥,has,补虚养身调理
山药大枣粥,has,气血双补调理
山药大枣粥,has,延缓衰老调理
银耳甘笋淡菜猪脚汤,has,滋阴调理
银耳甘笋淡菜猪脚汤,has,养颜美容调理
银耳甘笋淡菜猪脚汤,has,延缓衰老调理
菠菜瘦肉粥,has,清热去火调理
菠菜瘦肉粥,has,补血调理
菠菜瘦肉粥,has,健脾开胃调理
菠菜瘦肉粥,has,贫血调理
菠菜粥,has,便秘调理
菠菜粥,has,贫血调理
菠菜粥,has,止血调理
菠菜粥,has,清热去火调理
鳗鱼山药饭,has,补虚养身调理
鳗鱼山药饭,has,结核病调理
鳗鱼山药饭,has,关节炎调理
山东海参,has,补虚养身调理
山东海参,has,补血调理
金针菇炖鳗鱼,has,补虚养身调理
金针菇炖鳗鱼,has,结核病调理
金针菇炖鳗鱼,has,补血调理
滋补鲫鱼煲,has,贫血调理
滋补鲫鱼煲,has,补虚养身调理
圆肉腐竹红枣白菜汤,has,补气调理
圆肉腐竹红枣白菜汤,has,减肥瘦身调理
芪归炖鸡汤,has,补虚养身调理
芪归炖鸡汤,has,补气调理
金银丝糕,has,消化不良
金银丝糕,has,补气调理
豆芽猪蹄汤,has,补气调理
豆芽猪蹄汤,has,咳嗽调理
豆芽猪蹄汤,has,养颜美容调理
人参淮药糕,has,补虚养身调理
人参淮药糕,has,延缓衰老调理
薏苡仁煲鹌鹑,has,贫血调理
薏苡仁煲鹌鹑,has,动脉硬化调理
薏苡仁煲鹌鹑,has,益智补脑调理
白灵菇瘦肉粥,has,神经衰弱调理
白灵菇瘦肉粥,has,补气调理
白灵菇瘦肉粥,has,骨质疏松调理
人参粥,has,补虚养身调理
淮山芡实炖鱼肚,has,健脾开胃调理
淮山芡实炖鱼肚,has,头痛调理
淮山芡实炖鱼肚,has,壮腰健肾调理
银耳莲子枸杞粥,has,滋阴调理
银耳莲子枸杞粥,has,肾调养调理
银耳莲子枸杞粥,has,补虚养身调理
羊肾黑豆杜仲汤,has,壮腰健肾调理
羊肾黑豆杜仲汤,has,肾调养调理
胡桃黑豆饮,has,补阳调理
胡桃黑豆饮,has,肾调养调理
腰花粥,has,壮腰健肾调理
腰花粥,has,肾调养调理
腰花粥,has,肾功能衰竭调理
芦笋天门冬粥,has,肾调养调理
芦笋天门冬粥,has,清热去火调理
芦笋天门冬粥,has,补虚养身调理
瓤作海参,has,补虚养身调理
瓤作海参,has,肾调养调理
参杞烧海参,has,补虚养身调理
参杞烧海参,has,肾调养调理
参杞烧海参,has,营养不良调理
猪肾山药粥,has,肾调养调理
猪肾山药粥,has,补虚养身调理
猪肾山药粥,has,壮腰健肾调理
毛豆虾仁羹,has,补阳调理
毛豆虾仁羹,has,壮腰健肾调理
毛豆虾仁羹,has,肾调养调理
毛豆虾仁羹,has,营养不良调理
泥鳅黑豆粥,has,防癌抗癌调理
泥鳅黑豆粥,has,肝炎调理
泥鳅黑豆粥,has,肾调养调理
猪肾粥,has,肾调养调理
猪肾粥,has,耳鸣调理
猪肾粥,has,补气调理
银耳乌龙汤,has,肺调养调理
银耳乌龙汤,has,咳嗽调理
银耳乌龙汤,has,壮腰健肾调理
四仁大战,has,肺调养调理
四仁大战,has,咳嗽调理
四仁大战,has,祛痰调理
白果麦片粥,has,肺调养调理
牛奶杏仁粥,has,咳嗽调理
牛奶杏仁粥,has,便秘调理
牛奶杏仁粥,has,肺调养调理
骨皮炖猪蹄,has,补血调理
骨皮炖猪蹄,has,贫血调理
骨皮炖猪蹄,has,防癌抗癌调理
骨皮炖猪蹄,has,肺调养调理
骨皮炖猪蹄,has,营养不良调理
白果粥,has,营养不良调理
白果粥,has,肺调养调理
白果粥,has,祛痰调理
刺儿菜粥,has,清热去火调理
刺儿菜粥,has,脾调养调理
刺儿菜粥,has,补气调理
刺儿菜粥,has,胃调养调理
荔枝花,has,痔疮调理
荔枝花,has,气血双补调理
荔枝花,has,脾调养调理
雀肉粟米羹汤,has,肾调养调理
雀肉粟米羹汤,has,补虚养身调理
雀肉粟米羹汤,has,补阳调理
荠菜黑豆粥,has,脾调养调理
荠菜黑豆粥,has,利尿调理
荠菜黑豆粥,has,补虚养身调理
淮杞羊腿汤,has,补气调理
淮杞羊腿汤,has,脾调养调理
白汁过鱼,has,补气调理
白汁过鱼,has,脾调养调理
油菜粥,has,胃调养调理
油菜粥,has,活血化瘀调理
香茗粥,has,胃调养调理
香茗粥,has,脾调养调理
香茗粥,has,补气调理
香茗粥,has,补虚养身调理
五彩野兔丝,has,肝调养调理
五彩野兔丝,has,冠心病调理
五彩野兔丝,has,高血压调理
荔枝杞子猪肘汤,has,肝调养调理
荔枝杞子猪肘汤,has,补虚养身调理
五仁粥,has,便秘调理
五仁粥,has,肝调养调理
五仁粥,has,肾调养调理
野菊花烧草鱼,has,高血压调理
野菊花烧草鱼,has,胃炎调理
野菊花烧草鱼,has,肝调养调理
淮杞狗肉,has,补阳调理
淮杞狗肉,has,冬季养生调理
油浸鱼,has,肝调养调理
油浸鱼,has,明目调理
归参炖母鸡,has,气血双补调理
归参炖母鸡,has,冻疮调理
归参炖母鸡,has,肝炎调理
萝卜枸杞炖鸭肝,has,明目调理
萝卜枸杞炖鸭肝,has,肝调养调理
萝卜枸杞炖鸭肝,has,理气调理
枸杞炖羊肾,has,肾调养调理
枸杞炖羊肾,has,补虚养身调理
枸杞炖羊肾,has,壮腰健肾调理
丝瓜蘑菇肉片汤,has,神经衰弱调理
丝瓜蘑菇肉片汤,has,高血压调理
丝瓜蘑菇肉片汤,has,高脂血症调理
鱼蓉海参,has,滋阴调理
鱼蓉海参,has,补虚养身调理
鱼蓉海参,has,心调养调理
小麦黑豆夜交藤汤,has,心调养调理
小麦黑豆夜交藤汤,has,失眠调理
肉末烧海参,has,心调养调理
肉末烧海参,has,肾调养调理
肉末烧海参,has,气血双补调理
红枣莲子羹,has,气血双补调理
红枣莲子羹,has,贫血调理
栗豆腐,has,营养不良调理
栗豆腐,has,健脾开胃调理
鸡丝燕菜,has,明目调理
火腿血燕,has,明目调理
莜面卷,has,便秘调理
天麻脑花,has,益智补脑调理
天麻脑花,has,健忘调理
天麻脑花,has,益智补脑调理
天麻脑花,has,健忘调理
红萝卜鲜木耳豆腐汤,has,利尿调理
红萝卜鲜木耳豆腐汤,has,高脂血症调理
天厨海参,has,防癌抗癌调理
天厨海参,has,阳痿早泄调理
天厨海参,has,补阳调理
麻婆西施粥,has,骨质疏松调理
麻婆西施粥,has,动脉硬化调理
雪淋鸡,has,健脾开胃调理
雪淋鸡,has,冬季养生调理
杏仁奶豆腐,has,更年期综合症调理
荔枝山药粥,has,养颜美容调理
荔枝山药粥,has,补虚养身调理
七草粥,has,营养不良调理
肉丸粥,has,补虚养身调理
鲤鱼脑粥,has,延缓衰老调理
牛骨茶,has,骨质疏松调理
牛骨茶,has,益智补脑调理
芹菜猪肉蒸饺,has,高血压调理
芹菜猪肉蒸饺,has,贫血调理
盐猪肚饭,has,营养不良调理
盐猪肚饭,has,补虚养身调理
蛋菇,has,营养不良调理
葱烧兔肉,has,营养不良调理
葱烧兔肉,has,健脾开胃调理
小茏蒸饺,has,健脾开胃调理
雪菜叉烧包,has,健脾开胃调理
三鲜粥,has,营养不良调理
三鲜粥,has,健脾开胃调理
雪花蹄筋,has,养颜美容调理
雪花蹄筋,has,延缓衰老调理
粉丝蛋,has,营养不良调理
黄芪蒸鹌鹑,has,补虚养身调理
胡葱酥肉,has,营养不良调理
胡葱酥肉,has,健脾开胃调理
面片甩袖汤,has,益智补脑调理
面片甩袖汤,has,营养不良调理
鸡肉蒸饺,has,补虚养身调理
鸡肉蒸饺,has,营养不良调理
青椒兔柳,has,营养不良调理
青椒兔柳,has,延缓衰老调理
青椒兔柳,has,益智补脑调理
黄豆芽排骨,has,骨质疏松调理
黄豆芽排骨,has,健脾开胃调理
胡椒牛肉汤,has,胃炎调理
胡椒牛肉汤,has,营养不良调理
豆腐海鲜汤,has,营养不良调理
豆腐海鲜汤,has,健脾开胃调理
卤香菇素鸡,has,营养不良调理
碧绿蹄筋,has,营养不良调理
碧绿蹄筋,has,补虚养身调理
芹菜包子,has,健脾开胃调理
芹菜包子,has,高血压调理
鸡丝芹菜饭,has,高血压调理
竹蛏芦笋饺,has,营养不良调理
竹蛏芦笋饺,has,高血压调理
牛肉热汤面,has,营养不良调理
牛肉热汤面,has,健脾开胃调理
素什锦,has,延缓衰老调理
素什锦,has,防癌抗癌调理
芹菜虱目鱼粥,has,营养不良调理
芹菜虱目鱼粥,has,补虚养身调理
香糟汁田鸡,has,补虚养身调理
香糟汁田鸡,has,营养不良调理
胡萝卜蛋糕,has,快餐/主食
蛋黄碎牛肉粥,has,营养不良调理
蛋黄碎牛肉粥,has,小儿厌食调理
豆腐鸭架汤,has,清热去火调理
黄芽白煲鸭骨汤,has,减肥瘦身调理
黄芽白煲鸭骨汤,has,骨质疏松调理
鸡丝腐衣汤,has,骨质疏松调理
鸡丝腐衣汤,has,高血压调理
鸡丝腐衣汤,has,高脂血症调理
皮儿荤素,has,补虚养身调理
海瓜子莴笋饺,has,健脾开胃调理
海瓜子莴笋饺,has,营养不良调理
葱油莴笋饺,has,健脾开胃调理
葱油莴笋饺,has,营养不良调理
猪肉松,has,滋阴调理
豆腐乳粥,has,动脉硬化调理
鱼片蒸蛋,has,补虚养身调理
鱼茸蒸豆腐,has,动脉硬化调理
红枣山药粥,has,补虚养身调理
红枣山药粥,has,小儿厌食调理
甜三样,has,补虚养身调理
甜三样,has,延缓衰老调理
黄豆小米粥,has,补虚养身调理
黄豆小米粥,has,更年期综合症调理
豆芽牛肉粥,has,冬季养生调理
豆芽牛肉粥,has,营养不良调理
盐烤秋刀鱼,has,动脉硬化调理
盐烤秋刀鱼,has,高血压调理
醋椒鸭架汤,has,清热去火调理
醋椒鸭架汤,has,骨质疏松调理
醋椒鸭架汤,has,营养不良调理
海带焖鲫鱼,has,营养不良调理
苋菜小鱼粥,has,春季养生调理
苋菜小鱼粥,has,营养不良调理
倍稀粥,has,术后调理
杭式牛肉羹,has,营养不良调理
杭式牛肉羹,has,小儿厌食调理
坚果丝瓜液,has,养颜美容调理
坚果丝瓜液,has,减肥瘦身调理
火腿土豆泥,has,健脾开胃调理
小米烙饼,has,健脾开胃调理
小米烙饼,has,营养不良调理
荔枝红枣粥,has,养颜美容调理
荔枝红枣粥,has,补虚养身调理
荔枝粥,has,补虚养身调理
荔枝粥,has,贫血调理
荔枝粥,has,健脾开胃调理
茭白肉丝面,has,高血压调理
豉油皇鸡,has,营养不良调理
山楂麦芽饮,has,健脾开胃调理
菟丝炖鹌鹑,has,补虚养身调理
菟丝炖鹌鹑,has,营养不良调理
红烧兔肉,has,补虚养身调理
红烧兔肉,has,益智补脑调理
黄芪乌骨鸡,has,滋阴调理
黄芪乌骨鸡,has,延缓衰老调理
黄芪乌骨鸡,has,健脾开胃调理
燕麦粳米粥,has,春季养生调理
燕麦粳米粥,has,动脉硬化调理
姜汁鱼头,has,益智补脑调理
姜汁鱼头,has,延缓衰老调理
平菇煮蛋,has,胃炎调理
碧海珊瑚,has,健脾开胃调理
碧海珊瑚,has,高血压调理
碧海珊瑚,has,养颜美容调理
黑米埋珍珠,has,补虚养身调理
黑米埋珍珠,has,健脾开胃调理
清蒸豆腐,has,养颜美容调理
腊八粥,has,营养不良调理
腊八粥,has,春季养生调理
清蒸鲤鱼,has,延缓衰老调理
清蒸鲤鱼,has,动脉硬化调理
清蒸鲤鱼,has,补虚养身调理
清蒸鲤鱼,has,通乳调理
紫菜豆腐羹,has,骨质疏松调理
紫菜豆腐羹,has,甲状腺疾病调理
黄豆芽蘑菇汤,has,高血压调理
黄豆芽蘑菇汤,has,高脂血症调理
油淋草鱼,has,营养不良调理
油淋草鱼,has,健脾开胃调理
油淋草鱼,has,胃调养调理
蛤蚧参茸酒,has,壮腰健肾调理
蛤蚧参茸酒,has,补阳调理
蛤蚧参茸酒,has,阳痿早泄调理
期颐饼,has,祛痰调理
期颐饼,has,理气调理
期颐饼,has,延缓衰老调理
萝卜生菜汤,has,健脾开胃调理
萝卜生菜汤,has,高血压调理
萝卜生菜汤,has,高脂血症调理
塘虱豆腐,has,小儿遗尿调理
塘虱豆腐,has,止血调理
木耳菊花鱼丸,has,滋阴调理
木耳菊花鱼丸,has,贫血调理
木耳菊花鱼丸,has,活血化瘀调理
木耳菊花鱼丸,has,冠心病调理
豆浆莴笋汤,has,防癌抗癌调理
豆浆莴笋汤,has,减肥瘦身调理
豆浆莴笋汤,has,利尿调理
三鲜冬蓉羹,has,夏季养生调理
三鲜冬蓉羹,has,利尿调理
三鲜冬蓉羹,has,养颜美容调理
猪肉冬瓜水饺,has,贫血调理
猪肉冬瓜水饺,has,利尿调理
猪肉冬瓜水饺,has,糖尿病调理
冬瓜粥,has,贫血调理
冬瓜粥,has,利尿调理
冬瓜粥,has,糖尿病调理
空心菜瘦肉粥,has,清热解毒调理
空心菜瘦肉粥,has,利尿调理
空心菜瘦肉粥,has,糖尿病调理
干煸鹑脯丝,has,益智补脑调理
干煸鹑脯丝,has,健忘调理
干煸鹑脯丝,has,补虚养身调理
卤水乳鸽,has,益智补脑调理
卤水乳鸽,has,健忘调理
卤水乳鸽,has,养颜美容调理
双耳炖猪脑,has,补虚养身调理
双耳炖猪脑,has,健忘调理
双耳炖猪脑,has,耳鸣调理
核桃豆腐羹,has,健忘调理
核桃豆腐羹,has,益智补脑调理
核桃豆腐羹,has,延缓衰老调理
油煎南瓜饼,has,便秘调理
油煎南瓜饼,has,糖尿病调理
芦荟蜜饮,has,养颜美容调理
芦荟蜜饮,has,便秘调理
芦荟蜜饮,has,高血压调理
木耳芝麻茶,has,止血调理
木耳芝麻茶,has,便秘调理
木耳芝麻茶,has,延缓衰老调理
鲜奶水晶香蕉,has,便秘调理
鲜奶水晶香蕉,has,高血压调理
卤茴香豆与五香辣味豆,has,便秘调理
卤茴香豆与五香辣味豆,has,防癌抗癌调理
珍珠面,has,营养不良调理
珍珠面,has,贫血调理
珍珠面,has,便秘调理
红薯樱桃肉,has,防癌抗癌调理
红薯樱桃肉,has,动脉硬化调理
红薯樱桃肉,has,便秘调理
营养蛋饼,has,营养不良调理
营养蛋饼,has,补虚养身调理
菇笋肉丝羹,has,夏季养生调理
菇笋肉丝羹,has,健脾开胃调理
菇笋肉丝羹,has,便秘调理
稀卤豌豆,has,便秘调理
稀卤豌豆,has,防癌抗癌调理
雪冬肉丝,has,防癌抗癌调理
雪冬肉丝,has,便秘调理
地瓜粥,has,便秘调理
地瓜粥,has,高血压调理
苹果玉米豆粉羹,has,高血压调理
苹果玉米豆粉羹,has,高脂血症调理
苹果玉米豆粉羹,has,动脉硬化调理
鱼头浓汤,has,延缓衰老调理
香菜粥,has,麻疹调理
香菜粥,has,健脾开胃调理
芙蓉海底松,has,高血压调理
芙蓉海底松,has,甲状腺疾病调理
芙蓉海底松,has,祛痰调理
双菇水饺,has,益智补脑调理
双菇水饺,has,健脾开胃调理
双菇水饺,has,防癌抗癌调理
仿真燕窝粥,has,营养不良调理
仿真燕窝粥,has,健脾开胃调理
仿真燕窝粥,has,补虚养身调理
卤猪尾,has,壮腰健肾调理
卤猪尾,has,骨质疏松调理
卤猪尾,has,延缓衰老调理
冬菇云耳瘦肉粥,has,营养不良调理
冬菇云耳瘦肉粥,has,高血压调理
冬菇云耳瘦肉粥,has,高脂血症调理
冬菇云耳瘦肉粥,has,动脉硬化调理
泥鳅粥,has,补虚养身调理
泥鳅粥,has,防癌抗癌调理
生熏白丝鱼,has,营养不良调理
生熏白丝鱼,has,健脾开胃调理
生熏白丝鱼,has,补虚养身调理
鹌鹑山药粥,has,秋季养生调理
鹌鹑山药粥,has,营养不良调理
鹌鹑山药粥,has,补虚养身调理
豆蔻陈皮鲫鱼羹,has,营养不良调理
豆蔻陈皮鲫鱼羹,has,健脾开胃调理
豆蔻陈皮鲫鱼羹,has,补虚养身调理
红炖鱼翅,has,营养不良调理
红炖鱼翅,has,补虚养身调理
淡菜板豆腐白菜汤,has,养颜美容调理
桑枝鸡内金瘦肉汤,has,乌发调理
桑枝鸡内金瘦肉汤,has,滋阴调理
桑枝鸡内金瘦肉汤,has,补虚养身调理
五彩炒蛇丝,has,益智补脑调理
五彩炒蛇丝,has,骨质疏松调理
五彩炒蛇丝,has,动脉硬化调理
鸡火西瓜盅,has,健脾开胃调理
鸡火西瓜盅,has,营养不良调理
珊瑚鸭掌,has,养颜美容调理
珊瑚鸭掌,has,延缓衰老调理
珊瑚鸭掌,has,营养不良调理
乌鸡冬虫夏草汤,has,健脾开胃调理
乌鸡冬虫夏草汤,has,营养不良调理
锅烧河鳗,has,补虚养身调理
锅烧河鳗,has,贫血调理
冻兔糕,has,减肥瘦身调理
冻兔糕,has,高血压调理
冻兔糕,has,营养不良调理
荷叶粉蒸鸡,has,健脾开胃调理
荷叶粉蒸鸡,has,营养不良调理
荷叶粉蒸鸡,has,夏季养生调理
五元鹑蛋,has,健脾开胃调理
茴香水饺,has,健脾开胃调理
松月楼素包,has,健脾开胃调理
松月楼素包,has,骨质疏松调理
松月楼素包,has,防癌抗癌调理
松子粥,has,快餐/主食
松子粥,has,延缓衰老调理
松子粥,has,动脉硬化调理
杏子粥,has,秋季养生调理
杏子粥,has,营养不良调理
杏子粥,has,补虚养身调理
奶香麦片粥,has,冬季养生调理
奶香麦片粥,has,高血压调理
奶香麦片粥,has,动脉硬化调理
红焖通心河鳗,has,贫血调理
红焖通心河鳗,has,明目调理
百合花鸡蛋羹,has,健脾开胃调理
百合花鸡蛋羹,has,营养不良调理
百合花鸡蛋羹,has,补虚养身调理
杭式果羹,has,高血压调理
杭式果羹,has,动脉硬化调理
杭式果羹,has,延缓衰老调理
山药红枣羹,has,快餐/主食
山药红枣羹,has,肾炎调理
山药红枣羹,has,健脾开胃调理
洋菜鸡丝,has,健脾开胃调理
海棠赛菊,has,贫血调理
海棠赛菊,has,消化不良
海棠赛菊,has,健脾开胃调理
鸡米烩腰丁,has,壮腰健肾调理
鸡米烩腰丁,has,补虚养身调理
鸡米烩腰丁,has,肾炎调理
豆芽豆腐汤,has,高血压调理
豆芽豆腐汤,has,高脂血症调理
豆芽豆腐汤,has,健脾开胃调理
萝卜丝饼,has,健脾开胃调理
萝卜丝饼,has,消化不良
萝卜丝饼,has,营养不良调理
一品赤参,has,延缓衰老调理
一品赤参,has,补虚养身调理
醋熘鳜鱼,has,健脾开胃调理
口蘑芙蓉蛋汤,has,防癌抗癌调理
口蘑芙蓉蛋汤,has,贫血调理
粉蒸鲫鱼,has,营养不良调理
粉蒸鲫鱼,has,健脾开胃调理
粉蒸鲫鱼,has,通乳调理
炖奶汤鲫鱼萝卜丝,has,营养不良调理
炖奶汤鲫鱼萝卜丝,has,通乳调理
炖奶汤鲫鱼萝卜丝,has,补虚养身调理
奶汤草腹,has,补虚养身调理
奶汤草腹,has,健脾开胃调理
奶汤草腹,has,营养不良调理
脆皮烘猪肝,has,明目调理
卤汁素鸡,has,健脾开胃调理
卤汁素鸡,has,更年期综合症调理
卤汁素鸡,has,动脉硬化调理
五香兔肉,has,营养不良调理
五香兔肉,has,健脾开胃调理
五香兔肉,has,益智补脑调理
竹报平安,has,延缓衰老调理
竹报平安,has,秋季养生调理
竹报平安,has,健脾开胃调理
双瓜菜窝头,has,高脂血症调理
鸡蒙笋尖,has,补虚养身调理
烫面牛肉烧卖,has,健脾开胃调理
烫面牛肉烧卖,has,营养不良调理
烫面牛肉烧卖,has,冬季养生调理
素烧卖,has,高脂血症调理
素烧卖,has,高血压调理
素烧卖,has,动脉硬化调理
白菜小米卷,has,清热解毒调理
白菜小米卷,has,健脾开胃调理
白菜小米卷,has,减肥瘦身调理
桂花南瓜饼,has,防癌抗癌调理
桂花南瓜饼,has,延缓衰老调理
桂花南瓜饼,has,糖尿病调理
鸡肉冬菇蒸饺,has,补虚养身调理
鸡肉冬菇蒸饺,has,健脾开胃调理
鸡肉冬菇蒸饺,has,营养不良调理
红米杂烩粥,has,高血压调理
红米杂烩粥,has,防癌抗癌调理
冬虫夏草煲乳鸽,has,营养不良调理
冬虫夏草煲乳鸽,has,健脾开胃调理
冬虫夏草煲乳鸽,has,术后调理
银鱼饺,has,补虚养身调理
银鱼饺,has,营养不良调理
青豆虾仁包,has,补虚养身调理
青豆虾仁包,has,壮腰健肾调理
青豆虾仁包,has,补阳调理
人参滋补鸭,has,滋阴调理
人参滋补鸭,has,营养不良调理
人参滋补鸭,has,术后调理
韭菜老豆腐,has,更年期综合症调理
韭菜老豆腐,has,壮腰健肾调理
韭菜老豆腐,has,补阳调理
头肚醋鱼,has,益智补脑调理
黄鱼蓉粥,has,秋季养生调理
黄鱼蓉粥,has,健脾开胃调理
黄鱼蓉粥,has,补虚养身调理
银鱼香菇羹,has,春季养生调理
银鱼香菇羹,has,骨质疏松调理
香菇白菜羹,has,冬季养生调理
香菇白菜羹,has,高血压调理
香菇白菜羹,has,高脂血症调理
酸辣瓜肉汤,has,清热去火调理
酸辣瓜肉汤,has,防癌抗癌调理
浓情炝锅面,has,营养不良调理
银耳鸽蛋汤,has,补虚养身调理
银耳鸽蛋汤,has,营养不良调理
银耳鸽蛋汤,has,补阳调理
冬笋粥,has,健脾开胃调理
冬笋粥,has,高脂血症调理
冬笋粥,has,高血压调理
冬笋粥,has,清热解毒调理
泥鳅炖豆腐,has,营养不良调理
泥鳅炖豆腐,has,补虚养身调理
泥鳅炖豆腐,has,防癌抗癌调理
春笋枸杞肉丝,has,防癌抗癌调理
芹菜粥,has,高血压调理
芹菜粥,has,清热解毒调理
鱼羊双鲜,has,健脾开胃调理
鱼羊双鲜,has,冬季养生调理
蘑菇鸡丝蛋花汤,has,补虚养身调理
毛豆番茄豆腐汤,has,骨质疏松调理
猪肝鸡蛋粥,has,养颜美容调理
猪肝鸡蛋粥,has,夜尿多调理
鸡丝泡饭粥,has,营养不良调理
鸡丝泡饭粥,has,补虚养身调理
玉米粉燕麦粥,has,高血压调理
玉米粉燕麦粥,has,高脂血症调理
叉烧皮蛋粥,has,益智补脑调理
叉烧皮蛋粥,has,高血压调理
蛋清羹,has,冬季养生调理
蛋清羹,has,清热解毒调理
清汤白菜卷,has,贫血调理
清汤白菜卷,has,骨质疏松调理
清汤白菜卷,has,减肥瘦身调理
清汤白菜卷,has,养颜美容调理
海参眉毛肉丸,has,延缓衰老调理
海参眉毛肉丸,has,补虚养身调理
肉末炖豆腐,has,贫血调理
肉末炖豆腐,has,养颜美容调理
鱼香鸽蛋,has,营养不良调理
鱼香鸽蛋,has,高脂血症调理
卤豆油皮松,has,骨质疏松调理
卤豆油皮松,has,高脂血症调理
卤豆油皮松,has,动脉硬化调理
酥香鲫鱼,has,健脾开胃调理
酥香鲫鱼,has,通乳调理
酥香鲫鱼,has,产后恢复调理
猪腰粥,has,壮腰健肾调理
猪腰粥,has,补阳调理
猪腰粥,has,耳鸣调理
海鲜宽条面,has,高脂血症调理
海鲜宽条面,has,胃炎调理
银耳鸽蛋汤,has,养颜美容调理
银耳鸽蛋汤,has,延缓衰老调理
银耳鸽蛋汤,has,益智补脑调理
端阳豆糕,has,夏季养生调理
端阳豆糕,has,防暑调理
端阳豆糕,has,清热解毒调理
翡翠馄饨,has,贫血调理
翡翠馄饨,has,滋阴调理
丁香鱼饺,has,补虚养身调理
丁香鱼饺,has,营养不良调理
冬瓜蒸饺,has,贫血调理
冬瓜蒸饺,has,滋阴调理
冬瓜蒸饺,has,糖尿病调理
甘笋素饺,has,贫血调理
甘笋素饺,has,营养不良调理
甘笋素饺,has,消化不良
薄皮虾饺,has,补虚养身调理
薄皮虾饺,has,营养不良调理
圆笼蒸饺,has,贫血调理
圆笼蒸饺,has,滋阴调理
圆笼蒸饺,has,糖尿病调理
枸杞炖鲫鱼,has,营养不良调理
枸杞炖鲫鱼,has,补虚养身调理
枸杞炖鲫鱼,has,健脾开胃调理
茄子粥,has,夏季养生调理
茄子粥,has,贫血调理
茄子粥,has,高血压调理
茄子粥,has,动脉硬化调理
虾仁豆腐羹,has,骨质疏松调理
虾仁豆腐羹,has,更年期综合症调理
虾仁豆腐羹,has,养颜美容调理
笋丝豆苗,has,高血压调理
笋丝豆苗,has,高脂血症调理
笋丝豆苗,has,冠心病调理
肉末酸菜豆花汤,has,健脾开胃调理
肉末酸菜豆花汤,has,营养不良调理
海味豆腐汤,has,营养不良调理
海味豆腐汤,has,通乳调理
龙眼鸽蛋,has,壮腰健肾调理
龙眼鸽蛋,has,补阳调理
东江酿豆腐,has,补虚养身调理
糯米腊肉丸子,has,营养不良调理
糯米腊肉丸子,has,健脾开胃调理
白菜香菇素翅汤,has,减肥瘦身调理
蒸兔肉丸子,has,益智补脑调理
蒸兔肉丸子,has,健脾开胃调理
蒸兔肉丸子,has,营养不良调理
