recipe,rel,material
子姜炒鸭片,contains,鸭胸脯肉
海参一锅鲜,contains,海参（水浸）
虾丸海参,contains,海参（水浸）
家常熬黄花鱼,contains,大黄鱼
醉花菇,contains,花菇
红烧平菇,contains,平菇
四川神仙鸭子,contains,鸭
红烧刀鱼,contains,带鱼
麻辣豆腐,contains,豆腐
蚝油熘滑鸡球,contains,鸡胸脯肉
绣球鱼,contains,鲤鱼
金银绣球虾丸,contains,虾仁
冬瓜鸭盅,contains,鸭
原煨三丝鳝筒,contains,鳝鱼
杂瓣海参,contains,海参
粟子羊肉,contains,羊肉(肥瘦)
烟筒白菜,contains,大白菜(白梗)
清莲花豆腐,contains,豆腐
大良炒鲜奶,contains,牛奶
椒麻鸡块,contains,鸡
花生焖猪尾,contains,猪尾
原汁武陵甲鱼,contains,甲鱼
五香火肠,contains,猪大肠
清汤酿鸭掌,contains,鸭掌
鸡汁玉翠鱼丸,contains,番茄
潇湘五元龟,contains,乌龟
红煨白鳝,contains,猪肋条肉（五花肉）
虾酿竹荪卷汤,contains,竹荪(干)
凤菌一品豆腐,contains,豆腐
辣味豆腐盒,contains,豆腐
清炖牛肉,contains,牛肉(肥瘦)
香菇莴笋柱,contains,莴笋
三鲜凤羹,contains,鸡胸脯肉
杏仁熘鸡丁,contains,雏鸽
杏仁鹌鹑片,contains,鹌鹑肉
锅贴牡丹鱼,contains,鳜鱼
葱油桂鱼卷,contains,鳜鱼
虾茸酿草菇,contains,草菇
翡翠珍珠虾,contains,虾仁
蘑菇烩蛋白,contains,鸡蛋
韭白鱼丝,contains,鳜鱼
黄耳鱼片汤,contains,黄耳
火腿鸡卷,contains,童子鸡
油炝蚕豆,contains,蚕豆
冬菇菱角,contains,菱角
鳅鱼附豆腐汤,contains,泥鳅
三层楼,contains,油菜
冬菇烧猪脑髓,contains,猪脑
韭花肚尖丝,contains,猪肚
汤泡仔鸡,contains,鸡
枸杞青豆鸡米,contains,鸡胸脯肉
白汁玻璃鱼片,contains,丝瓜
清蒸鲫鱼,contains,鲫鱼
菊花冬笋桂鱼羹,contains,鳜鱼
锅贴鸽蛋,contains,鸽蛋
明月鸽蛋汤,contains,鸽蛋
什锦烩蛋丁,contains,鸡蛋
虾蛋烧海参,contains,海参（水浸）
湘江四色喜,contains,小白菜
包公鱼,contains,鲫鱼
香菇盒,contains,香菇（干）
玉兔海参,contains,海参（水浸）
油鸡,contains,鸡
烹子鱼,contains,凤尾鱼
清炒塘鱼片,contains,鲤鱼
虾仁珊瑚,contains,海蜇头
酱油嫩鸡,contains,鸡
卤汁面筋,contains,油面筋
酥鲫鱼,contains,鲫鱼
奶汤鲜核桃仁,contains,核桃
肺汤,contains,鲶鱼
黄焖野兔,contains,兔肉（野）
清汤鸡蒙冬菇,contains,鸡胸脯肉
芙蓉豆腐汤,contains,豆腐
珊瑚鱼条,contains,青鱼
芹黄肉丝,contains,芹黄
连锅子,contains,猪肉(瘦)
猴头蘑菇菜心,contains,猴头菇
春丝吐香,contains,香菇（鲜）
素油菜心,contains,油菜
熊掌豆腐,contains,豆腐
熘鸡卷,contains,鸡肉
青椒玉米,contains,玉米（鲜）
三珍烩鲍脯,contains,鲍鱼
芙蓉海四宝,contains,鸡蛋
三鲜鹌鹑蛋,contains,鹌鹑蛋
“寿”字鸭羹,contains,鸭胸脯肉
什锦粉丝,contains,粉丝
崂山十珍会,contains,核桃
龙舟鳜鱼,contains,鳜鱼
酿鸳鸯海参,contains,海参（水浸）
烧卖海参,contains,海参（水浸）
五香糖熏兔肉,contains,兔肉
炖虾蓉豆腐丸子,contains,虾仁
西红柿双参地牛尾,contains,番茄
黄焖带皮虾,contains,对虾
大蒜家常豆腐鱼,contains,鲤鱼
银蹄海参,contains,海参（水浸）
凤片海参,contains,海参（水浸）
麻酱海参,contains,海参（水浸）
椒香海参,contains,海参（水浸）
雪花海参,contains,海参（水浸）
六味海参,contains,海参（水浸）
扒白菜卷,contains,猪肉(肥瘦)
炒鹌鹑,contains,鹌鹑肉
鸡汤小豆腐,contains,豆腐(南)
葱酥鲫鱼,contains,鲫鱼
双冬氽肉丸子,contains,猪肉(瘦)
虾皮豆腐炒蛋,contains,虾皮
通心河鳗,contains,河鳗
坛烧肥鸡,contains,鸡
煨白汁鸡,contains,鸡肉
福建七星鱼丸汤,contains,海鳗
温州肉松,contains,猪肉(瘦)
什锦豆腐煲,contains,豆腐(南)
包心鱼丸,contains,海鳗
熏烤河鳗,contains,河鳗
空煎明虾,contains,明虾
红糟鸡丁,contains,鸡胸脯肉
柴把笋,contains,冬笋
栗子烧白菜,contains,大白菜(小白口)
瓤青头菌,contains,青头菌
素酸辣汤,contains,豆腐
荷花熘鸡片,contains,鸡胸脯肉
生炒鸡丝掐菜,contains,鸡胸脯肉
八宝桂鱼盒,contains,鳜鱼
娘娘爱,contains,童子鸡
芙蓉鸡,contains,母鸡
福寿全鸡,contains,童子鸡
鸡丝伊府面,contains,小麦面粉
桂花核桃仁,contains,核桃
香麻蒿菜,contains,豆腐干
西湖莼菜汤(二),contains,莼菜
红枣烧摆摆,contains,枣（干）
炝腐竹鲜蘑,contains,蘑菇(鲜蘑)
三鲜豆腐,contains,豆腐(南)
镜泊鲤丝,contains,鲤鱼
糖醋瓦块鱼,contains,大黄鱼
鲶鱼豆腐酒锅,contains,鲶鱼
焖香鸡,contains,母鸡
东北家常熬鱼,contains,草鱼
水炒鸡蛋,contains,鸡蛋
烧八宝老豆腐,contains,豆腐(南)
冰城山珍砂锅,contains,榛蘑(干)
什锦粟米羹,contains,玉米（鲜）
豆腐圆子,contains,豆腐
炖全鸡,contains,母鸡
汽水肉,contains,猪肋条肉（五花肉）
莲蓬豆腐,contains,豆腐
鸳鸯蟹,contains,螃蟹
豆酥糖,contains,大豆
白露蛏子,contains,冬笋
双冬炖老豆腐,contains,豆腐
火腿炖鞭笋,contains,火腿
盒子冬菇,contains,香菇（鲜）
罗汉菜,contains,发菜（干）
干贝金钩清汤什菜,contains,干贝
芋艿排骨煲,contains,芋头
粉蒸素鸡,contains,素鸡
山楂软糖,contains,山楂
桂花赤豆汤,contains,赤小豆
上海蒸鱼,contains,鳜鱼
冰豆腐塌菜,contains,乌菜
白烧素鸡,contains,油皮
芦笋烩鲜蘑,contains,芦笋
干贝咸蛋黄豆腐,contains,干贝
文丝豆腐,contains,豆腐
珍珠花菜,contains,菜花
香蕉奶冻,contains,香蕉
盐水腐竹,contains,腐竹
生煸豆荚,contains,豌豆
生煸豆苗,contains,豌豆苗
酸菜烧野鸭,contains,野鸭
清炖石鸡,contains,田鸡
骰子脑髓,contains,猪脑
炒兔丝,contains,兔肉
樱桃肉冻,contains,猪肋条肉（五花肉）
活豆腐,contains,豆腐(南)
粉蒸鸭子,contains,鸭
黄芪羊肉汤,contains,羊肉(肥瘦)
木耳疙背,contains,绿豆面
风霜雪叶,contains,小麦面粉
福荣肉,contains,猪肋条肉（五花肉）
红焖鸡,contains,鸡
神仙鸡,contains,鸡
栗子黄焖鸡,contains,童子鸡
捶鸡片,contains,鸡胸脯肉
芙蓉羊肚菌,contains,羊肚菌
黄花素鱼翅,contains,黄花菜（干）
柴把鸭子,contains,北京填鸭
红烧西施乳,contains,黑鱼
鸡水奶汤干丝,contains,豆腐干
焖兔肉,contains,兔肉
贵妃鸡,contains,母鸡
罗汉菜心,contains,油菜心
鸡茸鱼肚,contains,鸡胸脯肉
卷茸白菜,contains,大白菜(小白口)
炸烹铁雀,contains,麻雀
软硬铁雀,contains,麻雀
五香麻雀,contains,麻雀
胡萝卜浆汤,contains,胡萝卜
京式八宝豆腐,contains,豆腐(南)
荷花鱼丝,contains,鳜鱼
龙舟活鱼,contains,鳜鱼
漂浮鱼片汤,contains,鳜鱼
水晶明虾,contains,明虾
菊花熘鸡脯,contains,鸡胸脯肉
鲜莲鸡丁,contains,鸡胸脯肉
滑炒鸡片,contains,鸡胸脯肉
烩生鸡丝,contains,鸡胸脯肉
口蘑焖豆腐,contains,豆腐
番茄炒菜花,contains,菜花
肉烧白菜,contains,大白菜(小白口)
水豆腐花汤,contains,豆腐脑
开洋冬瓜汤,contains,冬瓜
高丽凤尾虾,contains,草虾
白菜炒肉丝,contains,白菜
五彩豆芽,contains,绿豆芽
雪里蕻豆瓣汤,contains,蚕豆
锅塌鲤鱼,contains,鲤鱼
芹酥鲫鱼,contains,鲫鱼
豆腐包子,contains,小麦面粉
炒鱼丝,contains,青鱼
番茄煨鱼,contains,鲤鱼
八卦豆腐,contains,豆腐(南)
鱼兜子,contains,草鱼
清蒸丸子,contains,猪肉(肥瘦)
核桃酪,contains,核桃
淡菜嵌肉,contains,淡菜(鲜)
清蒸钓带,contains,带鱼
莲香脱骨鸡,contains,母鸡
糟熘鱼白,contains,鳜鱼
银芽鸡丝,contains,鸡胸脯肉
蛋奶虾球,contains,明虾
鲜肉小笼,contains,小麦面粉
冬菇面筋,contains,油面筋
雪花鱼丝羹,contains,大黄鱼
腐皮黄鱼包,contains,大黄鱼
白油鸡枞,contains,鸡枞
番茄鸡蛋汤,contains,鸡蛋
木耳炒西芹,contains,木耳(水发)
海米芹菜,contains,芹菜
蛤肉木耳煮豆腐,contains,蛤蜊
鸡蛋蒸肉丸,contains,猪肉(肥瘦)
鹑蛋炖乌鸡,contains,乌骨鸡
雪花豆腐羹,contains,豆腐(南)
香菇豆泡,contains,油豆腐
干豇豆烧肉,contains,豇豆
豆腐酿虾,contains,豆腐
肉片炒豆腐,contains,豆腐
豆芽排骨汤,contains,黄豆芽
鲜辣脆元葱,contains,洋葱
合炒木须肉,contains,猪里脊肉
芹菜炒豆腐干,contains,芹菜
滑熘豆腐,contains,豆腐
金腿千千结,contains,火腿
菜胆扒鱼圆,contains,草鱼
熬白菜豆腐汤,contains,白菜
海米扒油菜,contains,油菜心
油菜金针菇,contains,油菜
油菜腐丝,contains,油菜
韭黄炒鸡柳,contains,韭黄
土豆炒肉丝,contains,土豆
青椒豆腐丝,contains,青椒
凉拌佛手瓜,contains,佛手瓜
香味牛肝菌,contains,猪里脊肉
海带黄豆汤,contains,海带(鲜)
麻辣青笋鸡,contains,鸡肉
蜜汁牛肉,contains,牛里脊肉
葱姜烧仔鸡,contains,童子鸡
西洋菜煲生鱼,contains,鲤鱼
芹菜叶豆腐羹,contains,豆腐
香菇拌豆腐丝,contains,油皮
沙锅酸辣浓汤,contains,冬笋
松仁玉米,contains,玉米（鲜）
海米拌油菜,contains,油菜
海参捞面,contains,海参（水浸）
砂锅鱼头豆腐,contains,鲢鱼头
三鲜豆苗,contains,豌豆苗
砂锅鱼头,contains,鲢鱼头
白菜豆腐煲,contains,白菜
虾仁烘蛋,contains,海虾
炖兔肉,contains,兔肉
红烧笋豆,contains,冬笋
蛋黄豆腐,contains,豆腐
咖喱笋肉炒干丝,contains,豆腐干
鲜豆腐皮炒虾仁,contains,油皮
珍珠豆腐,contains,豆腐
肉末炖豆腐,contains,豆腐
蒸酿香菇豆腐,contains,豆腐
百花蒸豆腐,contains,豆腐
皇饭儿夹豆腐煲,contains,豆腐
浇汁豆腐饺,contains,豆腐
豆苗鸡丝,contains,豌豆苗
鸡丝豌豆,contains,豌豆
火腿肉炒豌豆,contains,豌豆
鸡油笋豆,contains,蚕豆
蘑菇烧豆腐,contains,豆腐
白玉红油豆腐,contains,豆腐
豆泡烧油菜,contains,油豆腐
烧罗汉豆泡,contains,油豆腐
糖醋豆泡豌豆,contains,油豆腐
滑熘豆腐,contains,豆腐
三鲜豇豆,contains,豇豆
拌虾皮豆腐,contains,豆腐
韭菜豆腐干,contains,豆腐干
拌豆干荠菜松,contains,豆腐干
豌豆菜花,contains,豌豆
五香酱油豆,contains,大豆
蔬菜豆腐泥,contains,豆腐
家常豆腐羹,contains,豆腐
三丝蛋卷,contains,鸡蛋
鸡圈蛋花汤,contains,鸡蛋
莴苣叶煎蛋汤,contains,鸡蛋
奶汤素鱼丸,contains,牛奶
家常炖黄花鱼,contains,大黄鱼
三菇炖鱼头,contains,鲢鱼头
豆干炖鸽蛋,contains,鸽蛋
奶汤炖豆腐,contains,豆腐
菜包蒸肉,contains,大白菜(白梗)
双耳蒸肉丸,contains,猪肉(肥瘦)
葱姜蒸河鳗,contains,河鳗
豆腐蒸蛋,contains,鸡蛋
蒸肉豆腐,contains,豆腐
山楂煮鸡翅,contains,鸡翅
雪菜鲫鱼汤,contains,鲫鱼
黑豆芝麻泥鳅汤,contains,泥鳅
醋烹鲫鱼,contains,鲫鱼
白菜软炒虾,contains,河虾
芹菜拌豆干,contains,芹菜
双菇拌鸡肉,contains,鸡胸脯肉
草菇菜心,contains,白菜
香菇小油菜,contains,油菜
酱肉西兰花,contains,酱牛肉
莴笋叶豆腐羹,contains,豆腐(南)
芦笋炒肉片,contains,芦笋
冬笋里脊丝,contains,冬笋
冬笋鸡片,contains,鸡胸脯肉
花生酱鸡丝,contains,鸡胸脯肉
清炖鱼,contains,鲫鱼
香菇鸡块,contains,鸡
清蒸蛋羹,contains,鸡蛋
翡翠虾仁,contains,虾仁
烧白丸,contains,豆腐
烫红白丝,contains,豆腐干
芹菜炒肉丝,contains,猪肉(瘦)
肉片炒莴笋,contains,莴笋
盐煮毛豆,contains,毛豆
元旦烘虾,contains,鸡蛋
甘肃回族烧牛蹄筋,contains,牛蹄筋(泡发)
竹筒烤鱼,contains,青鱼
芋头扣肉,contains,猪肋条肉（五花肉）
酿小瓜,contains,南瓜
菠萝鸡片,contains,鸡胸脯肉
金钩挂玉牌,contains,豆腐
凉拌北风菌,contains,平菇
蛋丝韭菜,contains,韭菜
长寿汤,contains,南瓜
川椒煮黄鳝,contains,鳝鱼
荷叶包兔,contains,兔肉
海米焖蛋,contains,鸡蛋
赤豆炖鹌鹑,contains,赤小豆
银鱼炒蛋,contains,银鱼
鸡柳串烧,contains,鸡胸脯肉
玉兰茄子,contains,茄子
菠菜鳜鱼汤,contains,菠菜
鸡翅炖鳝鱼,contains,鳝鱼
如意白菜卷,contains,白菜
鲜蘑炖豆腐,contains,蘑菇(鲜蘑)
虾皮瓜丝,contains,冬瓜
葱油鸡丝,contains,鸡肉
开阳万年,contains,油菜
蛋花鸡汤,contains,鸡蛋
鸡肉蛋花汤,contains,紫菜(干)
牛肉菠菜汤,contains,牛肉（瘦）
四色豆腐,contains,油豆腐
虾仁鲜豆腐,contains,豆腐
香菇烧油菜,contains,油菜
清炒木耳菜,contains,木耳菜
口蘑烧菜心,contains,油菜
清炖茄子,contains,茄子
翡翠春笋,contains,春笋
木犀肉,contains,猪肋条肉（五花肉）
烧冬瓜肉丸子,contains,冬瓜
芹菜拌肉丝,contains,芹菜
麻酱拌豆腐,contains,豆腐
椒油拌豆腐,contains,豆腐
虾皮豆腐,contains,豆腐
辣油拌豆腐,contains,豆腐
清香豆腐,contains,豆腐(南)
素拌三丁,contains,豆腐
素炒韭菜,contains,韭菜
青椒炒豆腐丁,contains,豆腐
白菜豆腐丁,contains,白菜
菜花烧香菇,contains,菜花
清蒸豆腐羹,contains,豆腐
草菇炖豆腐,contains,豆腐(南)
炒素肉丝,contains,豆腐干
雪菜豆瓣泥,contains,芥菜
香芹拌腐竹,contains,芹菜
青蒜烧豆腐,contains,豆腐
牛奶蒸蛋,contains,鸡蛋
黄鱼烧豆腐,contains,大黄鱼
海米木耳烧冬瓜,contains,冬瓜
米粉蒸萝卜,contains,白萝卜
酥皮蛋饺,contains,豆腐
红烧鳗鱼,contains,河鳗
黄芪鲫鱼汤,contains,鲤鱼
蒸兔肉,contains,兔肉
花旗参蒸乳鸽,contains,雏鸽
蒸鱼豆花,contains,草鱼
竹荪煮草鸡,contains,鸡
山楂麦芽鸭肾汤,contains,鸭肫
蘑菇鲜贝煲,contains,鲜贝
粟米汤,contains,玉米（鲜）
竹荪丝瓜,contains,竹荪(干)
栗子芋头鸡汤,contains,栗子（鲜）
鸡蓉菠菜羹,contains,菠菜
葱油鲜鲢鱼,contains,鲢鱼
竹笙笋鸡,contains,竹荪(干)
清水菜头卷,contains,芥菜头
凉拌木耳菜,contains,木耳菜
绞肉胡萝卜炖豆腐,contains,豆腐
翡翠鸡块南瓜,contains,南瓜
素烩竹荪,contains,竹荪(干)
小笋炒里脊,contains,竹笋
香酥鲫鱼,contains,鲫鱼
奶汤鱼头,contains,鲢鱼
酸菜煮草鱼,contains,草鱼
红薯蒸牛肉,contains,牛肉(肥瘦)
炒鸽脯,contains,鸽肉
海参拌黄瓜,contains,海参（水浸）
肉末海参,contains,海参（水浸）
棒棒鸡,contains,鸡胸脯肉
川味炖豆腐,contains,豆腐
三鲜冻豆腐,contains,豆腐
蒸豆腐圆子,contains,豆腐
小豆腐炒虾皮,contains,大豆
巧炒豆渣,contains,豆腐渣
炖三鲜素鸭肾,contains,豆腐
香菇拌豆腐丝,contains,干豆腐
清拌扁豆,contains,扁豆
玉米豌豆羹,contains,豌豆
三丁豆腐羹,contains,豆腐(南)
砂锅白菜炖豆腐,contains,豆腐
美味木耳蛋汤,contains,鸡蛋
蘑菇鸡丁奶油汤,contains,牛奶
冬笋牛腱肉,contains,牛腱子肉
核桃肉苁蓉炖鸡,contains,公鸡
清蒸狮子头,contains,猪肉(肥瘦)
腊味南瓜蒸,contains,腊肉（烟肉）
牡丹花蒸鱼,contains,草鱼
百花蒸豆腐,contains,豆腐
北派蒸菜,contains,茼蒿
砂锅珍珠豆腐,contains,鸡胸脯肉
鹌鹑山药汤,contains,鹌鹑肉
鹌鹑笋菇汤,contains,鹌鹑肉
鲤鱼山楂汤,contains,鲤鱼
红花黑豆鲶鱼汤,contains,鲶鱼
陈皮黄鱼汤,contains,大黄鱼
炒莴笋,contains,莴笋
油煎毛豆腐,contains,豆腐
清炒山药丝,contains,山药
芙蓉口蘑,contains,口蘑
煮三冬,contains,冬瓜
豆腐熬海带,contains,豆腐
豉汁熬豆腐,contains,豆腐
海米香干芹菜,contains,芹菜
海米翡翠柿子椒,contains,柿子椒
银芽牛肉,contains,牛里脊肉
芝麻油菜,contains,油菜
黄花蛋汤,contains,黄花菜（干）
什锦汤,contains,圆白菜
芙蓉口蘑汤,contains,口蘑
肉丝豆腐羹,contains,豆腐
白菜炖豆腐,contains,大白菜(白梗)
生煎蚝油凤尾虾,contains,基围虾
果汁煎鸡脯,contains,鸡肉
油豆腐炒小白菜,contains,小白菜
白菜豆腐汤,contains,白菜
韭菜花拌豆腐,contains,豆腐(南)
青椒苤蓝丝,contains,苤蓝
蘑菇炒芦笋,contains,蘑菇(鲜蘑)
冬笋拌豆芽,contains,冬笋
洋菜芝麻酱鸡丝,contains,鸡肉
莴笋拌肝片,contains,猪肝
拔丝茄子,contains,茄子
熘冬瓜片,contains,冬瓜
冻粉鸡丝,contains,鸡肉
砂锅鱼头,contains,鲢鱼
烧茄子,contains,茄子(紫皮、长)
香糟豆腐,contains,豆腐
煨氽里脊片,contains,猪里脊肉
素烩豆腐,contains,豆腐
蒜苗炒香干,contains,蒜苔
豆腐干拌荠菜,contains,豆腐干
鲜香菇煮豆腐,contains,香菇（鲜）
芝麻香干,contains,豆腐干
四喜肉,contains,猪肋条肉（五花肉）
清炖肉,contains,猪肋条肉（五花肉）
红烧牛肉,contains,牛肉(肥瘦)
荷花白菜,contains,白菜
海米炒油平菇,contains,油菜
油菜叶拌豆腐丝,contains,油菜
鸳鸯包菜,contains,圆白菜
烧包菜丝,contains,圆白菜
烧茄子,contains,茄子
素红烧肉,contains,茄子
蒜调茄子,contains,茄子
如意笋,contains,竹笋
水粉圆子,contains,猪肉(肥瘦)
肉片番茄烧茄子,contains,茄子
肉丝白菜,contains,白菜
番茄菠菜拌肉丝,contains,猪肉(瘦)
白菜豆腐拌牛肉,contains,牛肉(肥瘦)
豆干牛肉丝,contains,酱牛肉
黄瓜拌兔丝,contains,兔肉
椒麻鸡丁,contains,鸡肉
银芽鸡丝,contains,鸡肉
拌双鸡丝,contains,鸡肉
芹菜拌烤鸭丝,contains,鸭肉
虾皮豆腐,contains,豆腐
豆腐虾肉丸,contains,豆腐
香椿芽烧豆腐,contains,香椿
软烂牛蹄筋,contains,牛蹄筋(泡发)
鱼头豆腐汤,contains,鲢鱼
紫米八宝鸭,contains,鸭
老厨白菜,contains,白菜
芹菜虾子,contains,虾籽
海米拌茼蒿,contains,茼蒿
西兰拌虾球,contains,海虾
金菇拌蜇皮,contains,海蜇皮
凉拌蚕豆,contains,蚕豆
柿椒拌豆角,contains,四季豆
榨菜末拌豆腐,contains,豆腐
油条拌豆腐,contains,豆腐
蒜虾豆腐,contains,豆腐(南)
麻香腐蓉,contains,豆腐
芝麻腐干,contains,豆腐干
海鲜拌菜花,contains,菜花
水煮花生米,contains,花生仁（生）
花生豆干,contains,豆腐干
冰糖荔枝,contains,荔枝
五香西芹,contains,西芹
菠菜炒豆芽,contains,黄豆芽
冬菇炒茼蒿,contains,茼蒿
鲜蘑玉兰片,contains,蘑菇(鲜蘑)
口蘑炒玉兰片,contains,口蘑
木耳炒豆腐皮,contains,油皮
腐干炒蒜苗,contains,豆腐干
葱油炒黄豆芽,contains,黄豆芽
青椒玉米,contains,玉米（鲜）
青辣椒炒玉米,contains,玉米（鲜）
豆腐干拌白菜心,contains,豆腐干
香椿拌干丝,contains,豆腐干
凉拌笋菇,contains,莴笋
荠菜拌豆腐,contains,荠菜
芝麻笋片,contains,莴笋
酱香豆腐干,contains,豆腐干
芙蓉煨菜花,contains,菜花
腐竹烧香菇,contains,香菇（鲜）
红烧豆腐泡,contains,油豆腐
砂锅白菜粉条汤,contains,白菜
白滑豆腐汤,contains,豆腐
三丝豆苗汤,contains,豌豆苗
炒素肉片,contains,蘑菇(鲜蘑)
粉蒸芋球,contains,芋头
香干白菜心,contains,大白菜(小白口)
豉油皇蒸红鱼,contains,罗非鱼
韭菜花炒墨鱼,contains,墨鱼
冬笋炒鸡片,contains,鸡肉
菜远炒鸡片,contains,鸡肉
蒜苗鸡条,contains,鸡肉
豆苗炒鸡丝,contains,鸡肉
蚝油煎双菇,contains,草菇
蒸素鸡,contains,素鸡
金华豆腐,contains,豆腐
老少平安,contains,鲮鱼
牛肉蒸豆腐,contains,豆腐
珍珠玉米笋,contains,玉米笋（罐装）
五彩白菜丝,contains,白菜
木耳豆腐,contains,豆腐
咖喱鸡块,contains,鸡
鱼圆汤,contains,青鱼
川味棒棒鸡,contains,鸡胸脯肉
凉拌白菜丝,contains,白菜
翡翠豆腐汤,contains,豆腐
海米烩豆腐,contains,豆腐
鲜菇凤豆肉片汤,contains,大豆
香菇豆腐汤,contains,豆腐
百花豆腐,contains,豆腐
冬笋炝黄豆芽,contains,黄豆芽
排骨柴鱼汤,contains,节瓜
八宝豆腐羹,contains,豆腐
扣蒸滑肉,contains,猪肉（后臀尖）
毛豆炒豆腐,contains,毛豆
雪花鸡焯,contains,鸡胸脯肉
潺菜鱼滑汤,contains,木耳菜
通草鲫鱼汤,contains,鲫鱼
什锦玉米,contains,玉米（鲜）
糟素鹅皮,contains,腐竹
苋菜豆腐羹,contains,苋菜(紫)
外婆乡村鸡,contains,乌骨鸡
铁观音炖仔鸡,contains,鸡
银鱼羊肉丝,contains,羊里脊
炸溜鳜鱼,contains,鳜鱼
辣豉千张,contains,油皮
七彩香菇,contains,香菇（鲜）
拌豌豆苗,contains,豌豆苗
菱形豆腐,contains,豆腐(南)
酱焖丝瓜,contains,丝瓜
素笋汤,contains,冬笋
双枣元菜,contains,香菇（鲜）
吉列明虾卷,contains,明虾
豆腐蟹黄羹,contains,豆腐
青蒸茶鲫鱼,contains,鲫鱼
鸡油蒸鳊鱼,contains,武昌鱼
鸭架栗子白菜汤,contains,鸭骨
番茄黄焖鸡块,contains,鸡肉
鸭骨玉兰片汤,contains,鸭骨
炸羊排（一）,contains,羊排
醋熘鳜鱼,contains,鳜鱼
砂锅豆腐（一）,contains,豆腐
砂锅豆腐（二）,contains,豆腐
一品砂锅汤,contains,猪肉(肥瘦)
猪尾浓汤,contains,猪尾
圆笼武昌鱼,contains,武昌鱼
鱼头炖茄子,contains,鲢鱼
豉姜泥鳅,contains,泥鳅
泰安豆腐,contains,豆腐
山药豆腐丸,contains,豆腐
蚝油茄丝,contains,茄子(紫皮、长)
菠菜汆丸子,contains,菠菜
酱茄泥,contains,茄子
青椒炒丝瓜,contains,青椒
炒三丝(1),contains,莴笋
炒三丝(2),contains,柿子椒
蟹香豆腐,contains,豆腐
鲜贝蒸豆腐,contains,豆腐
熘豆腐,contains,豆腐
虾皮粉丝海带汤,contains,海带(鲜)
虾仁仙人掌汤,contains,虾仁
青豆鱼头汤,contains,鲢鱼
干烧活鲫鱼,contains,鲫鱼
黄焖羊肉（一）,contains,羊前腿肉
蒸羊排,contains,羊排
烧羊排,contains,羊排
香菇里脊,contains,猪里脊肉
香花鸡丝,contains,夜香花
绍菜肉丸煲,contains,猪肉(肥瘦)
炒菊花菜,contains,茼蒿
糊辣青鳝,contains,河鳗
兔肉火锅,contains,兔肉
酸辣豆腐瘦肉羹,contains,豆腐
板栗牛肉,contains,牛肉(肥瘦)
萝卜鸡丝,contains,胡萝卜
白菜蜇皮,contains,白菜
白灼基围虾,contains,基围虾
氽毛豆丸子,contains,牛肉（瘦）
洋葱蘑菇红烩鸡,contains,鸡
烩鸡丝,contains,鸡胸脯肉
鲫鱼陈皮枸杞菜,contains,鲫鱼
玉笋鸡米,contains,鸡胸脯肉
醋熘豆腐,contains,豆腐
烩鱼银丝,contains,鸡胸脯肉
芽菜炒虾仁,contains,绿豆芽
熘珊瑚虾仁,contains,虾仁
毛豆脆虾仁,contains,毛豆
口蘑虾片,contains,对虾
青蒜焖火腩,contains,叉烧肉
口蘑里脊,contains,猪里脊肉
京葱铁板牛柳,contains,牛里脊肉
芋艿鲩鱼腩,contains,芋头
栗子黄焖鸡,contains,鸡
冬菇鸡,contains,鸡
熘黄菜(一),contains,鸡蛋
烩甜三鲜,contains,苹果
烩蛋饺,contains,鸡蛋
节瓜咸蛋瘦肉汤,contains,节瓜
银耳鹌鹑汤,contains,鹌鹑肉
子鸡汤,contains,鸡腿
椒盐鲫鱼汤,contains,鲫鱼
排骨蘑菇汤,contains,猪排骨(大排)
蔬菜云吞汤,contains,小麦面粉
金银菜排骨汤,contains,猪排骨(大排)
横舌好市汤,contains,猪舌
鲜鱼蒸蛋,contains,鸡蛋
双冬滑鸡,contains,鸡
甘笋鸡块,contains,鸡
蘑菇玉兰片汤,contains,蘑菇(鲜蘑)
鸡茸大白菜心,contains,白菜
鱼沙拉,contains,小黄鱼
卤腰片,contains,猪腰子
糖醋素鱼,contains,素鸡
龙井鱼片,contains,青鱼
猪舌西洋菜汤,contains,猪舌
鸡丝扒鲜菇,contains,鸡胸脯肉
雪里蕻鸡焯,contains,鸡胸脯肉
清蒸羊肉（三）,contains,羊前腿肉
豌豆鱼盅羹,contains,鱼肉
荷包果味双菇肉,contains,猪肉(瘦)
糟熘鱼片(二),contains,草鱼
豆腐汉堡,contains,米饭(蒸)
黄金菇炖椰奶,contains,榆黄蘑(干)
砂锅烧牛蛙,contains,牛蛙
肉松（二）,contains,猪肉(瘦)
烧鱼翅,contains,油皮
清汤鸭块,contains,油皮
一品鸽蛋,contains,豆腐渣
三鲜素鱼肚,contains,油面筋
长寿菜,contains,香菇（干）
油焖花菇,contains,花菇
烧冬瓜,contains,冬瓜
家制猪肉松,contains,猪肉(瘦)
荷叶鸭子,contains,鸭
满月银球,contains,豆腐(南)
烩三样,contains,鸭掌
独三样,contains,羊脑
生扒羊肉,contains,羊肉(肥瘦)
怪味泥鳅,contains,泥鳅
鲫鱼氽白玉,contains,鲫鱼
龙井白玉,contains,虾仁
清炖牛尾汤,contains,牛尾
蚝油香菇豆腐,contains,豆腐
家乡炊鸡,contains,鸡
烩鱼丝海参,contains,鲤鱼
炸“鹅脖”,contains,羊肉(瘦)
菜心鱼翅,contains,油菜
洋菜拌虾仁,contains,虾仁
荷叶豆腐,contains,豆腐
炸素鱼卷,contains,油皮
脆皮炸猪脑,contains,猪脑
陈皮红衫鱼,contains,红衫鱼
冬笋煲鹌鹑,contains,鹌鹑肉
人参红枣炖兔肉,contains,兔肉
砂锅豆腐（三）,contains,豆腐
氽鲫鱼汤,contains,鲫鱼
外婆两江鱼,contains,草鱼
三鲜酿黄瓜,contains,黄瓜
黄瓜盅,contains,黄瓜
炒蛋奶片,contains,鸡蛋清
鱼肉酿冬菇,contains,草鱼
鲜虾蟹柳色拉,contains,对虾
佛手包菜,contains,圆白菜
焦炸茄子,contains,茄子
煎卷筒笋丝,contains,竹笋
沙司寿桃,contains,竹笋
红烧狮子头(四喜丸子),contains,猪肋条肉（五花肉）
卤肉,contains,猪肉(肥瘦)
芹菜拌猪心,contains,猪心
牛尾清汤,contains,牛尾
鸡片海参,contains,海参（水浸）
酱爆兔肉丁,contains,兔肉
枣粟焖仔鸡,contains,童子鸡
黄山炖鸽,contains,雏鸽
八宝鸡,contains,鸡
口香兔,contains,兔肉
荠香肉丝,contains,荠菜
西洋菜及第汤,contains,木耳菜
蘑菇炒韭芽,contains,蘑菇(鲜蘑)
烩蘑菇鸡柳,contains,鸡胸脯肉
杏仁熘鸽丁,contains,雏鸽
烩冬菇素鱼片,contains,香菇（鲜）
桂花鱼丝,contains,草鱼
糟熘鱼白,contains,鳜鱼
花菇鸡丝,contains,花菇
冬菇油鸡,contains,鸡
番薯麦米粥,contains,甘薯
雪盖乌龙,contains,木耳(水发)
五彩缤纷,contains,木耳(干)
糟醉鸡片,contains,鸡胸脯肉
黄汁鸡块汤,contains,鸡肉
粉葛鲫鱼汤,contains,鲫鱼
黄瓜氽肉片汤,contains,猪肉(瘦)
海参猪爪汤,contains,海参（水浸）
核桃炖鸡,contains,鸡
什锦豆腐,contains,豆腐
鸡腿菇炖笋,contains,豆腐
红松豆腐,contains,豆豉
鲫鱼鸳鸯蛋,contains,鲫鱼
大煮干丝,contains,豆腐干
白菜炒干丝,contains,白菜
素炒小白菜,contains,小白菜
长鱼煮干丝,contains,豆腐干
兰花豆干,contains,豆腐干
炒豆腐泥,contains,豆腐
翡翠干丝,contains,豆腐干
温拌海肠,contains,海肠
枸杞头氽鸡片,contains,鸡肉
银丝肉,contains,猪里脊肉
油漆白菜,contains,白菜
豆腐烧油菜,contains,油菜
肉松,contains,猪肉(瘦)
五香酱兔肉,contains,兔肉
芦荟拌鸡丝,contains,鸡肉
粉皮拌鸡丝,contains,鸡肉
豌豆拌鸡肉,contains,鸡肉
香辣鱼丁,contains,鲤鱼
鸳鸯河虾,contains,河虾
香椿豌豆,contains,豌豆
冬笋扁豆,contains,扁豆
枸杞干丝,contains,豆腐干
蜜汁熏干,contains,豆腐干
大枣荔枝干,contains,荔枝
燕菜素鸡丝汤,contains,素鸡
三色蔬菜粥,contains,稻米
鹌鹑粥,contains,鹌鹑肉
附子冰糖炖冬瓜,contains,冬瓜
蘑菇地栗,contains,栗子（鲜）
人参炖鹌鹑,contains,鹌鹑肉
党参香菇延寿鸡,contains,鸡
菠菜粥,contains,粳米
山药芡实粥,contains,粳米
虾酱牛肉炒通菜,contains,牛肉(后腿)
何首乌鸡,contains,乌骨鸡
荔枝干大枣汤,contains,荔枝
八宝童鸡,contains,母鸡
炝苋菜,contains,苋菜(紫)
素什锦水饺,contains,小麦面粉
面筋草菇笋菜豆腐汤,contains,豆腐
香蕉粥,contains,粳米
慈姑椰菜汤,contains,菜花
奶油冬苋汤,contains,苋菜(紫)
马齿苋荠菜粥,contains,马齿苋
馄饨汤,contains,小麦面粉
花生粥,contains,粳米
上汤素水饺,contains,小麦面粉
红花绿叶粥,contains,糙米
素五丁饺,contains,香菇（鲜）
白菜包,contains,猪肉(肥瘦)
素三丝,contains,豆腐干
炒芹菜豆腐干,contains,芹菜
金针熏鱼,contains,草鱼
蛋液鲫鱼羹,contains,鲫鱼
芹菜粥,contains,芹菜
羔烧白果,contains,白果（鲜）
糖醋山药蛋块,contains,山药
止泻猪肚汤,contains,猪肚
北芪参枣生鱼汤,contains,草鱼
人参炖羊肉,contains,羊肉(瘦)
芝麻仁粥,contains,粳米
首乌小米粥,contains,小米
牛肉归芪汤,contains,牛肉(肥瘦)
枸杞桃仁鸡丁,contains,鸡肉
三鲜蛋饺汤,contains,鸡蛋
莲子蛋汤,contains,鸡蛋
小米红枣粥,contains,小米
卤百叶串,contains,牛肚
人参炖鸡,contains,鸡
小米面甜沫,contains,小米面
鲜肉灌汤蒸饺,contains,小麦面粉
家常包子,contains,小麦面粉
黄芪煲鹌鹑,contains,鹌鹑肉
鸡丝花卷,contains,小麦面粉
麦穗包,contains,小麦面粉
奶油珍珠,contains,鹌鹑蛋
三丝金针菇,contains,火腿肠
小米蛋奶粥,contains,小米
豆薯粥,contains,粳米
丽参鸡汤,contains,母鸡
蚝油滑鸡条,contains,鸡肉
糟溜三白,contains,鸡胸脯肉
鸡汤面条,contains,鸡肉
桂圆莲子粥,contains,糯米
山药大枣粥,contains,糯米
银耳甘笋淡菜猪脚汤,contains,猪蹄
菠菜瘦肉粥,contains,粳米
菠菜粥,contains,粳米
鳗鱼山药饭,contains,河鳗
山东海参,contains,海参（水浸）
金针菇炖鳗鱼,contains,河鳗
滋补鲫鱼煲,contains,鲫鱼
圆肉腐竹红枣白菜汤,contains,白菜
芪归炖鸡汤,contains,鸡
金银丝糕,contains,小米面
豆芽猪蹄汤,contains,猪蹄
人参淮药糕,contains,糯米粉
薏苡仁煲鹌鹑,contains,鹌鹑肉
白灵菇瘦肉粥,contains,白灵菇
人参粥,contains,粳米
淮山芡实炖鱼肚,contains,鱼唇
银耳莲子枸杞粥,contains,稻米
羊肾黑豆杜仲汤,contains,羊腰子
胡桃黑豆饮,contains,核桃
腰花粥,contains,粳米
芦笋天门冬粥,contains,粳米
瓤作海参,contains,海参
参杞烧海参,contains,海参（水浸）
猪肾山药粥,contains,粳米
毛豆虾仁羹,contains,虾仁
泥鳅黑豆粥,contains,泥鳅
猪肾粥,contains,猪腰子
银耳乌龙汤,contains,海参（水浸）
四仁大战,contains,白果（干）
白果麦片粥,contains,粳米
牛奶杏仁粥,contains,牛奶
骨皮炖猪蹄,contains,猪蹄
白果粥,contains,稻米
刺儿菜粥,contains,粳米
荔枝花,contains,荔枝
雀肉粟米羹汤,contains,麻雀
荠菜黑豆粥,contains,荠菜
淮杞羊腿汤,contains,羊前腿肉
白汁过鱼,contains,鳜鱼
油菜粥,contains,粳米
香茗粥,contains,粳米
五彩野兔丝,contains,兔肉（野）
荔枝杞子猪肘汤,contains,猪肘
五仁粥,contains,粳米
野菊花烧草鱼,contains,草鱼
淮杞狗肉,contains,狗肉
油浸鱼,contains,草鱼
归参炖母鸡,contains,母鸡
萝卜枸杞炖鸭肝,contains,鸭肝
枸杞炖羊肾,contains,羊腰子
丝瓜蘑菇肉片汤,contains,猪肉(瘦)
鱼蓉海参,contains,海参（水浸）
小麦黑豆夜交藤汤,contains,小麦
肉末烧海参,contains,海参（水浸）
红枣莲子羹,contains,枣（干）
栗豆腐,contains,水面筋
鸡丝燕菜,contains,素鸡
火腿血燕,contains,素火腿
莜面卷,contains,莜麦面
天麻脑花,contains,猪脑
红萝卜鲜木耳豆腐汤,contains,豆腐
天厨海参,contains,海参（水浸）
麻婆西施粥,contains,稻米
雪淋鸡,contains,母鸡
杏仁奶豆腐,contains,牛奶
荔枝山药粥,contains,粳米
七草粥,contains,稻米
草菇煮豆腐,contains,草菇
肉丸粥,contains,粳米
鲤鱼脑粥,contains,粳米
牛骨茶,contains,小麦面粉
芹菜猪肉蒸饺,contains,小麦面粉
盐猪肚饭,contains,猪肚
蛋菇,contains,鸭蛋
葱烧兔肉,contains,兔肉
小茏蒸饺,contains,小麦面粉
雪菜叉烧包,contains,小麦面粉
三鲜粥,contains,稻米
雪花蹄筋,contains,牛蹄筋(泡发)
粉丝蛋,contains,鸡蛋
文思豆腐,contains,豆腐
黄芪蒸鹌鹑,contains,鹌鹑肉
胡葱酥肉,contains,猪肋条肉（五花肉）
面片甩袖汤,contains,小麦面粉
小青菜包,contains,小麦面粉
鸡肉蒸饺,contains,小麦面粉
青椒兔柳,contains,兔肉
黄豆芽排骨,contains,猪排骨(大排)
胡椒牛肉汤,contains,牛肉(肥瘦)
豆腐海鲜汤,contains,豆腐
卤香菇素鸡,contains,素鸡
碧绿蹄筋,contains,猪蹄筋
牛奶麦片粥,contains,牛奶
芹菜包子,contains,小麦面粉
鸡丝芹菜饭,contains,稻米
竹蛏芦笋饺,contains,蛏子
鱼头炖豆腐,contains,鲤鱼
牛肉热汤面,contains,面条(干切面)
素什锦,contains,豆腐干
芹菜虱目鱼粥,contains,米饭(蒸)
香糟汁田鸡,contains,田鸡
鱼肉豆腐火锅,contains,鲫鱼
胡萝卜蛋糕,contains,胡萝卜
蛋黄碎牛肉粥,contains,牛肉（瘦）
豆腐鸭架汤,contains,鸭骨
黄芽白煲鸭骨汤,contains,鸭骨
鸡丝腐衣汤,contains,油皮
皮儿荤素,contains,油皮
海瓜子莴笋饺,contains,蛤蜊
葱油莴笋饺,contains,莴笋
猪肉松,contains,猪腿肉
豆腐乳粥,contains,腐乳(白)
鱼片蒸蛋,contains,鸡蛋
鱼茸蒸豆腐,contains,草鱼
豆腐蛎,contains,牡蛎(鲜)
红枣山药粥,contains,枣（干）
甜三样,contains,鸡蛋
黄豆小米粥,contains,小米
豆芽牛肉粥,contains,粳米
盐烤秋刀鱼,contains,秋刀鱼
醋椒鸭架汤,contains,鸭骨
海带焖鲫鱼,contains,鲫鱼
苋菜小鱼粥,contains,稻米
倍稀粥,contains,稻米
杭式牛肉羹,contains,牛肉（瘦）
坚果丝瓜液,contains,栗子（鲜）
火腿土豆泥,contains,土豆
小米烙饼,contains,小麦面粉
荔枝红枣粥,contains,粳米
荔枝粥,contains,粳米
茭白肉丝面,contains,面条(标准粉)
豉油皇鸡,contains,童子鸡
山楂麦芽饮,contains,山楂
刀豆炒腰片,contains,猪腰子
菟丝炖鹌鹑,contains,鹌鹑肉
红烧兔肉,contains,兔肉
黄芪乌骨鸡,contains,乌骨鸡
素高汤,contains,玉米（鲜）
芙蓉鹑片,contains,鹌鹑肉
燕麦粳米粥,contains,粳米
姜汁鱼头,contains,鲢鱼头
海虾豆腐,contains,豆腐
平菇煮蛋,contains,平菇
碧海珊瑚,contains,菠萝
黑米埋珍珠,contains,糯米(紫)
清蒸豆腐,contains,豆腐
腊八粥,contains,糯米
清蒸鲤鱼,contains,鲤鱼
紫菜豆腐羹,contains,紫菜(干)
黄豆芽蘑菇汤,contains,黄豆芽
油淋草鱼,contains,草鱼
蛤蚧参茸酒,contains,蛤蜊
期颐饼,contains,芡实米
萝卜生菜汤,contains,萝卜
塘虱豆腐,contains,鲶鱼
木耳菊花鱼丸,contains,草鱼
豆浆莴笋汤,contains,莴笋
三鲜冬蓉羹,contains,冬瓜
猪肉冬瓜水饺,contains,小麦面粉
冬瓜粥,contains,冬瓜
空心菜瘦肉粥,contains,籼米
干煸鹑脯丝,contains,鹌鹑肉
卤水乳鸽,contains,鸽肉
双耳炖猪脑,contains,猪脑
核桃豆腐羹,contains,核桃
油煎南瓜饼,contains,南瓜
芦荟蜜饮,contains,芦荟
木耳芝麻茶,contains,木耳(干)
鲜奶水晶香蕉,contains,牛奶
卤茴香豆与五香辣味豆,contains,蚕豆
珍珠面,contains,小麦面粉
红薯樱桃肉,contains,甘薯
营养蛋饼,contains,鸡蛋
菇笋肉丝羹,contains,香菇（干）
稀卤豌豆,contains,豌豆
雪冬肉丝,contains,猪肉(瘦)
地瓜粥,contains,籼米
苹果玉米豆粉羹,contains,苹果
猪肉枸杞汤,contains,猪肉(瘦)
鱼头浓汤,contains,鲢鱼头
香菜粥,contains,粳米
芙蓉海底松,contains,海蜇皮
阳春面,contains,面条(标准粉)
双菇水饺,contains,小麦面粉
仿真燕窝粥,contains,稻米
卤猪尾,contains,猪尾
冬菇云耳瘦肉粥,contains,猪肉(瘦)
泥鳅粥,contains,粳米
生熏白丝鱼,contains,草鱼
鹌鹑山药粥,contains,粳米
香菇盒子,contains,香菇（干）
豆蔻陈皮鲫鱼羹,contains,鲫鱼
红炖鱼翅,contains,鱼翅(干)
淡菜板豆腐白菜汤,contains,豆腐
桑枝鸡内金瘦肉汤,contains,猪肉(瘦)
五彩炒蛇丝,contains,蛇肉
鸡火西瓜盅,contains,西瓜
珊瑚鸭掌,contains,鸭掌
乌鸡冬虫夏草汤,contains,鸡肉
锅烧河鳗,contains,河鳗
羊肾粥(一),contains,羊腰子
冻兔糕,contains,兔肉
荷叶粉蒸鸡,contains,荷叶
五元鹑蛋,contains,鹌鹑蛋
茴香水饺,contains,小麦面粉
松月楼素包,contains,油菜
松子粥,contains,粳米
杏子粥,contains,粳米
奶香麦片粥,contains,粳米
红焖通心河鳗,contains,河鳗
百合花鸡蛋羹,contains,鸡蛋
杭式果羹,contains,栗子（鲜）
山药红枣羹,contains,山药
洋菜鸡丝,contains,鸡胸脯肉
海棠赛菊,contains,鸭肫
鸡米烩腰丁,contains,鸡胸脯肉
豆芽豆腐汤,contains,豆腐
萝卜丝饼,contains,小麦面粉
一品赤参,contains,海参（水浸）
醋熘鳜鱼,contains,鳜鱼
口蘑芙蓉蛋汤,contains,鸡蛋
粉蒸鲫鱼,contains,鲫鱼
炖奶汤鲫鱼萝卜丝,contains,鲫鱼
奶汤草腹,contains,草鱼
脆皮烘猪肝,contains,猪肝
卤汁素鸡,contains,油皮
五香兔肉,contains,兔肉
竹报平安,contains,莴笋
茯苓人参糕,contains,小麦面粉
双瓜菜窝头,contains,冬瓜
葱香菱角,contains,菱角
鸡蒙笋尖,contains,竹笋
烫面牛肉烧卖,contains,小麦面粉
素烧卖,contains,小麦面粉
白菜小米卷,contains,圆白菜
桂花南瓜饼,contains,南瓜
鸡肉冬菇蒸饺,contains,小麦面粉
红米杂烩粥,contains,籼米
冬虫夏草煲乳鸽,contains,海参
银鱼饺,contains,猪肉(肥瘦)
宝通寺素包,contains,油菜
青豆虾仁包,contains,虾仁
人参滋补鸭,contains,鸭
韭菜老豆腐,contains,豆腐
头肚醋鱼,contains,鲢鱼头
黄鱼蓉粥,contains,粳米
银鱼香菇羹,contains,香菇（干）
香菇白菜羹,contains,香菇（干）
酸辣瓜肉汤,contains,猪肉(瘦)
浓情炝锅面,contains,小麦面粉
银耳鸽蛋汤,contains,银耳(干)
冬笋粥,contains,冬笋
泥鳅炖豆腐,contains,泥鳅
春笋枸杞肉丝,contains,春笋
芹菜粥,contains,粳米
鱼羊双鲜,contains,羊前腿肉
蘑菇鸡丝蛋花汤,contains,鸡腿
毛豆番茄豆腐汤,contains,番茄
木瓜生姜蜂蜜粥,contains,粳米
猪肝鸡蛋粥,contains,粳米
鸡丝泡饭粥,contains,米饭(蒸)
玉米粉燕麦粥,contains,玉米面（黄）
鲜蚕豆紫菜汤,contains,蚕豆
叉烧皮蛋粥,contains,粳米
蛋清羹,contains,鸡蛋清
清汤白菜卷,contains,白菜
海参眉毛肉丸,contains,海参（水浸）
肉末炖豆腐,contains,猪肉(瘦)
鱼香鸽蛋,contains,鸽蛋
卤豆油皮松,contains,油皮
酥香鲫鱼,contains,鲫鱼
猪腰粥,contains,猪腰子
海鲜宽条面,contains,面条(标准粉)
银耳鸽蛋汤,contains,银耳(干)
端阳豆糕,contains,绿豆
翡翠馄饨,contains,小麦面粉
丁香鱼饺,contains,小麦面粉
冬瓜蒸饺,contains,小麦面粉
甘笋素饺,contains,小麦面粉
薄皮虾饺,contains,淀粉(豌豆)
圆笼蒸饺,contains,小麦面粉
枸杞炖鲫鱼,contains,鲫鱼
茄子粥,contains,粳米
虾仁豆腐羹,contains,虾仁
笋丝豆苗,contains,豌豆苗
肉末酸菜豆花汤,contains,豆腐
海味豆腐汤,contains,豆腐
龙眼鸽蛋,contains,鸽蛋
甜甜蜜蜜,contains,莲藕
东江酿豆腐,contains,猪肉(肥瘦)
糯米腊肉丸子,contains,糯米
白菜香菇素翅汤,contains,素鸡
蒸兔肉丸子,contains,兔肉
