1,【食材】和【食材】可以一起吃吗？,【食材】和【食材】适合搭配吗？,【食材】可以搭配【食材】一起吃吗？,【食材】搭配【食材】一起吃有问题吗？,【食材】和【食材】一起吃会有不良反应吗？,能和【食材】一起吃的食物包括【食材】吗？,不能和【食材】一起吃的食物包括【食材】吗？,我们可以同时吃【食材】和【食材】吗？,我刚刚吃过【食材】，现在可以吃【食材】吗？,我喜欢将【食材】和【食材】一起吃，这样对身体有坏处吗？,我吃【食材】时喜欢搭配【食材】，这样对身体有坏处吗？
2,【疾病】可以吃【食材】吗？,【疾病】不适合吃【食材】吗？,【疾病】吃【食材】对缓解病情有帮助吗？,【疾病】吃【食材】有问题吗？,【疾病】吃【食材】会有不良反应吗？,【食材】可以给【疾病】患者吃吗？,【疾病】可以吃的食物包括【食材】吗？,我是【疾病】患者，可以吃【食材】吗？,如果一个人得了【疾病】，那么ta可以吃【食材】吗？,我有【疾病】，可以吃【食材】吗？,我有【疾病】，吃【食材】对身体有坏处吗？
3,【食材】可以【功效】吗？,【食材】有【功效】的作用吗？,【食材】在【功效】方面有帮助吗？,我经常吃【食材】，这样可以【功效】吗？,我最近需要【功效】，吃【食材】有帮助吗？,吃【食材】可以达到我们【功效】的目的吗？,【食材】的功效包括【功效】吗？,【食材】是【功效】的好帮手吗？,如果一个人需要【功效】，那么ta吃【食材】有帮助吗？,可以【功效】的食材包括【食材】吗？,
4,【食材】含有【营养素】吗？,【食材】的成分包括【营养素】吗？,多吃【食材】可以补充【营养素】吗？,身体缺少【营养素】，多吃【食材】有帮助吗？,我最近需要补充【营养素】，多吃【食材】有帮助吗？,【营养素】对身体有诸多好处，【食材】里有吗？,多吃【食材】可以满足身体对【营养素】的需求吗？,【营养素】属于【食材】的成分吗？,多吃【食材】的人，身体不会缺少【营养素】吗？,【食材】可以作为【营养素】的补剂吗？,
5,【疾病】可以吃什么？,【疾病】可以吃的食物有哪些？,【疾病】吃什么对缓解病情有帮助？,【疾病】吃什么好？,【疾病】吃什么合适？,哪些食物适合给【疾病】患者吃？,【疾病】患者应该多摄入哪些食物？,我是【疾病】患者，平常吃什么比较好？,如果一个人得了【疾病】，那么ta平常吃什么比较好？,我有【疾病】，平常吃什么比较好？,我有【疾病】，吃什么对身体没有坏处？
6,【疾病】不适合吃什么？,【疾病】不适合吃的食物有哪些？,【疾病】吃什么不利于病情的恢复？,【疾病】有什么饮食禁忌？,【疾病】吃什么可能会有不良反应？,哪些食物不适合给【疾病】患者吃？,【疾病】患者需要避免摄入哪些食物？,我是【疾病】患者，平常应该注意不吃什么？,如果一个人得了【疾病】，那么ta平常应该注意不吃什么？,我有【疾病】，平常应该注意不吃什么？,我有【疾病】，吃什么可能对身体有坏处？
7,吃什么可以【功效】？,有【功效】的食材包括什么？,哪些食材在【功效】方面有帮助?,哪些食材有【功效】的作用？,我最近需要【功效】，应该吃什么好？,为了达到【功效】的目的，我们应该吃什么好？,哪些食材的功效包括【功效】？,哪些食材是【功效】的好帮手？,如果一个人需要【功效】，那么ta平常吃什么比较好？,,
8,【食材】有什么营养素？,【食材】的营养素包括哪些？,多吃【食材】可以补充什么营养素？,多吃【食材】可以防止身体缺少哪些营养素？,你知道【食材】里都有哪些营养素吗？,【食材】有哪些有益身体的成分？,多吃【食材】可以满足身体对哪些营养素的需求？,哪些营养素属于【食材】的成分？,多吃【食材】的人，身体不会缺少哪些营养素？,【食材】可以作为哪些营养素的补剂？,
9,【食材】有什么功效？,【食材】对身体有哪些好处？,【食材】在哪些方面有帮助？,我经常吃【食材】，这样对身体有哪些好处？,你知道【食材】的功效都有哪些吗？,【食材】对身体有诸多好处，具体表现在哪些方面？,【食材】的功效包括哪些？,【食材】有很多功效，比如？,多吃【食材】的人，健康可以得到怎样的改善？,,
10,【食材】适合什么疾病？,【食材】适合哪些疾病的患者进食？,【食材】对缓解哪些疾病的病情有帮助？,【食材】对哪些疾病的患者有帮助？,哪些疾病的患者可以吃【食材】？,吃【食材】可以预防和控制哪些疾病？,哪些疾病的患者可以吃的食物包括【食材】？,【食材】属于哪些疾病的患者可以吃的食物？,哪些疾病的患者吃【食材】没有问题？,,
11,【食谱】有什么功效？,【食谱】对身体有哪些好处？,【食谱】在哪些方面有帮助？,我经常吃【食谱】，这样对身体有哪些好处？,你知道【食谱】的功效都有哪些吗？,【食谱】对身体有诸多好处，具体表现在哪些方面？,【食谱】的功效包括哪些？,【食谱】有很多功效，比如？,多吃【食谱】的人，健康可以得到怎样的改善？,,
12,【食谱】适合什么疾病？,【食谱】适合哪些疾病的患者进食？,【食谱】对缓解哪些疾病的病情有帮助？,【食谱】对哪些疾病的患者有帮助？,哪些疾病的患者可以吃【食谱】？,吃【食谱】可以预防和控制哪些疾病？,哪些疾病的患者可以吃的食物包括【食谱】？,【食谱】属于哪些疾病的患者可以吃的食物？,哪些疾病的患者吃【食谱】没有问题？,,
13,【食谱】包含什么食材？,【食谱】的食材包括什么？,一道【食谱】必不可少的有？,哪些食材对于【食谱】来说是必不可少的？,你知道【食谱】里都有哪些食材吗？,我们需要哪些食材来烹饪【食谱】？,我想做【食谱】，必须先准备哪些食材？,哪些食材属于【食谱】的原材料？,做一道【食谱】需要什么食材？,,
